0 verbose cli C:\Program Files\nodejs\node.exe C:\Program Files\nodejs\node_modules\npm\bin\npm-cli.js
1 info using npm@11.13.0
2 info using node@v26.1.0
3 silly config load:file:C:\Program Files\nodejs\node_modules\npm\npmrc
4 silly config load:file:C:\Users\pavan\Documents\New project\traveloop\.npmrc
5 silly config load:file:C:\Users\pavan\.npmrc
6 silly config load:file:C:\Users\pavan\Documents\New project\.appdata\npm\etc\npmrc
7 verbose title npm install
8 verbose argv "install"
9 verbose logfile logs-max:10 dir:C:\Users\pavan\Documents\New project\.npm-cache\_logs\2026-05-10T07_11_10_939Z-
10 verbose logfile C:\Users\pavan\Documents\New project\.npm-cache\_logs\2026-05-10T07_11_10_939Z-debug-0.log
11 silly logfile done cleaning log files
12 silly packumentCache heap:4395630592 maxSize:1098907648 maxEntrySize:549453824
13 silly idealTree buildDeps
14 silly fetch manifest react@^19.0.0
15 silly packumentCache full:https://registry.npmjs.org/react cache-miss
16 http fetch GET 200 https://registry.npmjs.org/react 1463ms (cache miss)
17 silly packumentCache full:https://registry.npmjs.org/react set size:undefined disposed:false
18 silly fetch manifest react-dom@^19.0.0
19 silly packumentCache full:https://registry.npmjs.org/react-dom cache-miss
20 http fetch GET 200 https://registry.npmjs.org/react-dom 402ms (cache miss)
21 silly packumentCache full:https://registry.npmjs.org/react-dom set size:undefined disposed:false
22 silly fetch manifest next@15.3.3
23 silly packumentCache full:https://registry.npmjs.org/next cache-miss
24 http fetch GET 200 https://registry.npmjs.org/next 915ms (cache miss)
25 silly packumentCache full:https://registry.npmjs.org/next set size:undefined disposed:false
26 silly fetch manifest @opentelemetry/api@^1.1.0
27 silly packumentCache full:https://registry.npmjs.org/@opentelemetry%2fapi cache-miss
28 http fetch GET 200 https://registry.npmjs.org/@opentelemetry%2fapi 99ms (cache miss)
29 silly packumentCache full:https://registry.npmjs.org/@opentelemetry%2fapi set size:undefined disposed:false
30 silly fetch manifest @playwright/test@^1.41.2
31 silly packumentCache full:https://registry.npmjs.org/@playwright%2ftest cache-miss
32 http fetch GET 200 https://registry.npmjs.org/@playwright%2ftest 772ms (cache miss)
33 silly packumentCache full:https://registry.npmjs.org/@playwright%2ftest set size:undefined disposed:false
34 silly fetch manifest babel-plugin-react-compiler@*
35 silly packumentCache full:https://registry.npmjs.org/babel-plugin-react-compiler cache-miss
36 http fetch GET 200 https://registry.npmjs.org/babel-plugin-react-compiler 84ms (cache miss)
37 silly packumentCache full:https://registry.npmjs.org/babel-plugin-react-compiler set size:undefined disposed:false
38 silly fetch manifest sass@^1.3.0
39 silly packumentCache full:https://registry.npmjs.org/sass cache-miss
40 http fetch GET 200 https://registry.npmjs.org/sass 95ms (cache miss)
41 silly packumentCache full:https://registry.npmjs.org/sass set size:undefined disposed:false
42 silly fetch manifest typescript@^5
43 silly packumentCache full:https://registry.npmjs.org/typescript cache-miss
44 http fetch GET 200 https://registry.npmjs.org/typescript 267ms (cache miss)
45 silly packumentCache full:https://registry.npmjs.org/typescript set size:undefined disposed:false
46 silly fetch manifest @types/node@^20
47 silly packumentCache full:https://registry.npmjs.org/@types%2fnode cache-miss
48 http fetch GET 200 https://registry.npmjs.org/@types%2fnode 185ms (cache miss)
49 silly packumentCache full:https://registry.npmjs.org/@types%2fnode set size:undefined disposed:false
50 silly fetch manifest @types/react@^19
51 silly packumentCache full:https://registry.npmjs.org/@types%2freact cache-miss
52 http fetch GET 200 https://registry.npmjs.org/@types%2freact 114ms (cache miss)
53 silly packumentCache full:https://registry.npmjs.org/@types%2freact set size:undefined disposed:false
54 silly fetch manifest @types/react-dom@^19
55 silly packumentCache full:https://registry.npmjs.org/@types%2freact-dom cache-miss
56 http fetch GET 200 https://registry.npmjs.org/@types%2freact-dom 74ms (cache miss)
57 silly packumentCache full:https://registry.npmjs.org/@types%2freact-dom set size:undefined disposed:false
58 silly fetch manifest @tailwindcss/postcss@^4
59 silly packumentCache full:https://registry.npmjs.org/@tailwindcss%2fpostcss cache-miss
60 http fetch GET 200 https://registry.npmjs.org/@tailwindcss%2fpostcss 696ms (cache miss)
61 silly packumentCache full:https://registry.npmjs.org/@tailwindcss%2fpostcss set size:undefined disposed:false
62 silly fetch manifest tailwindcss@^4
63 silly packumentCache full:https://registry.npmjs.org/tailwindcss cache-miss
64 http fetch GET 200 https://registry.npmjs.org/tailwindcss 221ms (cache miss)
65 silly packumentCache full:https://registry.npmjs.org/tailwindcss set size:undefined disposed:false
66 silly fetch manifest eslint@^9
67 silly packumentCache full:https://registry.npmjs.org/eslint cache-miss
68 http fetch GET 200 https://registry.npmjs.org/eslint 87ms (cache miss)
69 silly packumentCache full:https://registry.npmjs.org/eslint set size:undefined disposed:false
70 silly fetch manifest jiti@*
71 silly packumentCache full:https://registry.npmjs.org/jiti cache-miss
72 http fetch GET 200 https://registry.npmjs.org/jiti 98ms (cache miss)
73 silly packumentCache full:https://registry.npmjs.org/jiti set size:undefined disposed:false
74 silly fetch manifest eslint-config-next@15.3.3
75 silly packumentCache full:https://registry.npmjs.org/eslint-config-next cache-miss
76 http fetch GET 200 https://registry.npmjs.org/eslint-config-next 167ms (cache miss)
77 silly packumentCache full:https://registry.npmjs.org/eslint-config-next set size:undefined disposed:false
78 silly fetch manifest @eslint/eslintrc@^3
79 silly packumentCache full:https://registry.npmjs.org/@eslint%2feslintrc cache-miss
80 http fetch GET 200 https://registry.npmjs.org/@eslint%2feslintrc 83ms (cache miss)
81 silly packumentCache full:https://registry.npmjs.org/@eslint%2feslintrc set size:undefined disposed:false
82 silly placeDep ROOT @eslint/eslintrc@3.3.5 OK for: traveloop@0.1.0 want: ^3
83 silly placeDep ROOT @tailwindcss/postcss@4.3.0 OK for: traveloop@0.1.0 want: ^4
84 silly placeDep ROOT @types/node@20.19.40 OK for: traveloop@0.1.0 want: ^20
85 silly placeDep ROOT @types/react@19.2.14 OK for: traveloop@0.1.0 want: ^19
86 silly placeDep ROOT @types/react-dom@19.2.3 OK for: traveloop@0.1.0 want: ^19
87 silly placeDep ROOT eslint@9.39.4 OK for: traveloop@0.1.0 want: ^9
88 silly placeDep ROOT eslint-config-next@15.3.3 OK for: traveloop@0.1.0 want: 15.3.3
89 silly placeDep ROOT next@15.3.3 OK for: traveloop@0.1.0 want: 15.3.3
90 silly placeDep ROOT react@19.2.6 OK for: next@15.3.3 want: ^18.2.0 || 19.0.0-rc-de68d2f4-20241204 || ^19.0.0
91 silly placeDep ROOT react-dom@19.2.6 OK for: next@15.3.3 want: ^18.2.0 || 19.0.0-rc-de68d2f4-20241204 || ^19.0.0
92 silly placeDep ROOT tailwindcss@4.3.0 OK for: traveloop@0.1.0 want: ^4
93 silly placeDep ROOT typescript@5.9.3 OK for: traveloop@0.1.0 want: ^5
94 silly fetch manifest ajv@^6.14.0
95 silly packumentCache full:https://registry.npmjs.org/ajv cache-miss
96 silly fetch manifest debug@^4.3.2
97 silly packumentCache full:https://registry.npmjs.org/debug cache-miss
98 silly fetch manifest espree@^10.0.1
99 silly packumentCache full:https://registry.npmjs.org/espree cache-miss
100 silly fetch manifest globals@^14.0.0
101 silly packumentCache full:https://registry.npmjs.org/globals cache-miss
102 silly fetch manifest ignore@^5.2.0
103 silly packumentCache full:https://registry.npmjs.org/ignore cache-miss
104 silly fetch manifest import-fresh@^3.2.1
105 silly packumentCache full:https://registry.npmjs.org/import-fresh cache-miss
106 silly fetch manifest js-yaml@^4.1.1
107 silly packumentCache full:https://registry.npmjs.org/js-yaml cache-miss
108 silly fetch manifest minimatch@^3.1.5
109 silly packumentCache full:https://registry.npmjs.org/minimatch cache-miss
110 silly fetch manifest strip-json-comments@^3.1.1
111 silly packumentCache full:https://registry.npmjs.org/strip-json-comments cache-miss
112 silly fetch manifest postcss@^8.5.10
113 silly packumentCache full:https://registry.npmjs.org/postcss cache-miss
114 silly fetch manifest tailwindcss@4.3.0
115 silly packumentCache full:https://registry.npmjs.org/tailwindcss cache-miss
116 http cache https://registry.npmjs.org/tailwindcss 36ms (cache hit)
117 silly packumentCache full:https://registry.npmjs.org/tailwindcss set size:10480773 disposed:false
118 silly fetch manifest @alloc/quick-lru@^5.2.0
119 silly packumentCache full:https://registry.npmjs.org/@alloc%2fquick-lru cache-miss
120 http fetch GET 200 https://registry.npmjs.org/ajv 157ms (cache miss)
121 silly packumentCache full:https://registry.npmjs.org/ajv set size:undefined disposed:false
122 silly fetch manifest @tailwindcss/node@4.3.0
123 silly packumentCache full:https://registry.npmjs.org/@tailwindcss%2fnode cache-miss
124 http fetch GET 200 https://registry.npmjs.org/js-yaml 274ms (cache miss)
125 silly packumentCache full:https://registry.npmjs.org/js-yaml set size:undefined disposed:false
126 silly fetch manifest @tailwindcss/oxide@4.3.0
127 silly packumentCache full:https://registry.npmjs.org/@tailwindcss%2foxide cache-miss
128 http fetch GET 200 https://registry.npmjs.org/import-fresh 281ms (cache miss)
129 silly packumentCache full:https://registry.npmjs.org/import-fresh set size:undefined disposed:false
130 silly fetch manifest undici-types@~6.21.0
131 silly packumentCache full:https://registry.npmjs.org/undici-types cache-miss
132 http fetch GET 200 https://registry.npmjs.org/espree 290ms (cache miss)
133 silly packumentCache full:https://registry.npmjs.org/espree set size:undefined disposed:false
134 silly fetch manifest csstype@^3.2.2
135 silly packumentCache full:https://registry.npmjs.org/csstype cache-miss
136 http fetch GET 200 https://registry.npmjs.org/debug 298ms (cache miss)
137 silly packumentCache full:https://registry.npmjs.org/debug set size:undefined disposed:false
138 silly fetch manifest chalk@^4.0.0
139 silly packumentCache full:https://registry.npmjs.org/chalk cache-miss
140 http fetch GET 200 https://registry.npmjs.org/strip-json-comments 314ms (cache miss)
141 silly packumentCache full:https://registry.npmjs.org/strip-json-comments set size:undefined disposed:false
142 silly fetch manifest espree@^10.4.0
143 silly packumentCache full:https://registry.npmjs.org/espree cache-miss
144 http fetch GET 200 https://registry.npmjs.org/ignore 317ms (cache miss)
145 silly packumentCache full:https://registry.npmjs.org/ignore set size:undefined disposed:false
146 silly fetch manifest esquery@^1.5.0
147 silly packumentCache full:https://registry.npmjs.org/esquery cache-miss
148 http cache https://registry.npmjs.org/espree 8ms (cache hit)
149 silly packumentCache full:https://registry.npmjs.org/espree set size:326080 disposed:false
150 silly fetch manifest esutils@^2.0.2
151 silly packumentCache full:https://registry.npmjs.org/esutils cache-miss
152 http fetch GET 200 https://registry.npmjs.org/globals 343ms (cache miss)
153 silly packumentCache full:https://registry.npmjs.org/globals set size:undefined disposed:false
154 silly fetch manifest find-up@^5.0.0
155 silly packumentCache full:https://registry.npmjs.org/find-up cache-miss
156 http fetch GET 200 https://registry.npmjs.org/postcss 363ms (cache miss)
157 silly packumentCache full:https://registry.npmjs.org/postcss set size:undefined disposed:false
158 silly fetch manifest is-glob@^4.0.0
159 silly packumentCache full:https://registry.npmjs.org/is-glob cache-miss
160 http fetch GET 200 https://registry.npmjs.org/undici-types 87ms (cache miss)
161 silly packumentCache full:https://registry.npmjs.org/undici-types set size:undefined disposed:false
162 silly fetch manifest minimatch@^3.1.5
163 silly packumentCache full:https://registry.npmjs.org/minimatch cache-miss
164 http fetch GET 200 https://registry.npmjs.org/minimatch 374ms (cache miss)
165 silly packumentCache full:https://registry.npmjs.org/minimatch set size:undefined disposed:false
166 silly fetch manifest @eslint/js@9.39.4
167 silly packumentCache full:https://registry.npmjs.org/@eslint%2fjs cache-miss
168 http fetch GET 200 https://registry.npmjs.org/chalk 83ms (cache miss)
169 silly packumentCache full:https://registry.npmjs.org/chalk set size:undefined disposed:false
170 silly fetch manifest optionator@^0.9.3
171 silly packumentCache full:https://registry.npmjs.org/optionator cache-miss
172 http fetch GET 200 https://registry.npmjs.org/esquery 68ms (cache miss)
173 silly packumentCache full:https://registry.npmjs.org/esquery set size:undefined disposed:false
174 silly fetch manifest cross-spawn@^7.0.6
175 silly packumentCache full:https://registry.npmjs.org/cross-spawn cache-miss
176 http fetch GET 200 https://registry.npmjs.org/esutils 68ms (cache miss)
177 silly packumentCache full:https://registry.npmjs.org/esutils set size:undefined disposed:false
178 silly fetch manifest glob-parent@^6.0.2
179 silly packumentCache full:https://registry.npmjs.org/glob-parent cache-miss
180 http fetch GET 200 https://registry.npmjs.org/csstype 120ms (cache miss)
181 silly packumentCache full:https://registry.npmjs.org/csstype set size:undefined disposed:false
182 silly fetch manifest imurmurhash@^0.1.4
183 silly packumentCache full:https://registry.npmjs.org/imurmurhash cache-miss
184 http fetch GET 200 https://registry.npmjs.org/find-up 71ms (cache miss)
185 silly packumentCache full:https://registry.npmjs.org/find-up set size:undefined disposed:false
186 silly fetch manifest @eslint/core@^0.17.0
187 silly packumentCache full:https://registry.npmjs.org/@eslint%2fcore cache-miss
188 http fetch GET 200 https://registry.npmjs.org/is-glob 76ms (cache miss)
189 silly packumentCache full:https://registry.npmjs.org/is-glob set size:undefined disposed:false
190 silly fetch manifest eslint-scope@^8.4.0
191 silly packumentCache full:https://registry.npmjs.org/eslint-scope cache-miss
192 http fetch GET 200 https://registry.npmjs.org/optionator 63ms (cache miss)
193 silly packumentCache full:https://registry.npmjs.org/optionator set size:undefined disposed:false
194 silly fetch manifest lodash.merge@^4.6.2
195 silly packumentCache full:https://registry.npmjs.org/lodash.merge cache-miss
196 http fetch GET 200 https://registry.npmjs.org/minimatch 88ms (cache miss)
197 silly packumentCache full:https://registry.npmjs.org/minimatch set size:undefined disposed:false
198 silly fetch manifest @humanfs/node@^0.16.6
199 silly packumentCache full:https://registry.npmjs.org/@humanfs%2fnode cache-miss
200 http fetch GET 200 https://registry.npmjs.org/@eslint%2fjs 88ms (cache miss)
201 silly packumentCache full:https://registry.npmjs.org/@eslint%2fjs set size:undefined disposed:false
202 silly fetch manifest @types/estree@^1.0.6
203 silly packumentCache full:https://registry.npmjs.org/@types%2festree cache-miss
204 http fetch GET 200 https://registry.npmjs.org/cross-spawn 77ms (cache miss)
205 silly packumentCache full:https://registry.npmjs.org/cross-spawn set size:undefined disposed:false
206 silly fetch manifest fast-deep-equal@^3.1.3
207 silly packumentCache full:https://registry.npmjs.org/fast-deep-equal cache-miss
208 http fetch GET 200 https://registry.npmjs.org/glob-parent 75ms (cache miss)
209 silly packumentCache full:https://registry.npmjs.org/glob-parent set size:undefined disposed:false
210 silly fetch manifest natural-compare@^1.4.0
211 silly packumentCache full:https://registry.npmjs.org/natural-compare cache-miss
212 http fetch GET 200 https://registry.npmjs.org/imurmurhash 64ms (cache miss)
213 silly packumentCache full:https://registry.npmjs.org/imurmurhash set size:undefined disposed:false
214 silly fetch manifest file-entry-cache@^8.0.0
215 silly packumentCache full:https://registry.npmjs.org/file-entry-cache cache-miss
216 http fetch GET 200 https://registry.npmjs.org/@eslint%2fcore 85ms (cache miss)
217 silly packumentCache full:https://registry.npmjs.org/@eslint%2fcore set size:undefined disposed:false
218 silly fetch manifest @eslint/plugin-kit@^0.4.1
219 silly packumentCache full:https://registry.npmjs.org/@eslint%2fplugin-kit cache-miss
220 http fetch GET 200 https://registry.npmjs.org/lodash.merge 71ms (cache miss)
221 silly packumentCache full:https://registry.npmjs.org/lodash.merge set size:undefined disposed:false
222 silly fetch manifest eslint-visitor-keys@^4.2.1
223 silly packumentCache full:https://registry.npmjs.org/eslint-visitor-keys cache-miss
224 http fetch GET 200 https://registry.npmjs.org/eslint-scope 76ms (cache miss)
225 silly packumentCache full:https://registry.npmjs.org/eslint-scope set size:undefined disposed:false
226 silly fetch manifest @eslint/config-array@^0.21.2
227 silly packumentCache full:https://registry.npmjs.org/@eslint%2fconfig-array cache-miss
228 http fetch GET 200 https://registry.npmjs.org/@humanfs%2fnode 71ms (cache miss)
229 silly packumentCache full:https://registry.npmjs.org/@humanfs%2fnode set size:undefined disposed:false
230 silly fetch manifest @humanwhocodes/retry@^0.4.2
231 silly packumentCache full:https://registry.npmjs.org/@humanwhocodes%2fretry cache-miss
232 http fetch GET 200 https://registry.npmjs.org/fast-deep-equal 71ms (cache miss)
233 silly packumentCache full:https://registry.npmjs.org/fast-deep-equal set size:undefined disposed:false
234 silly fetch manifest escape-string-regexp@^4.0.0
235 silly packumentCache full:https://registry.npmjs.org/escape-string-regexp cache-miss
236 http fetch GET 200 https://registry.npmjs.org/natural-compare 77ms (cache miss)
237 silly packumentCache full:https://registry.npmjs.org/natural-compare set size:undefined disposed:false
238 silly fetch manifest @eslint/config-helpers@^0.4.2
239 silly packumentCache full:https://registry.npmjs.org/@eslint%2fconfig-helpers cache-miss
240 http fetch GET 200 https://registry.npmjs.org/@types%2festree 87ms (cache miss)
241 silly packumentCache full:https://registry.npmjs.org/@types%2festree set size:undefined disposed:false
242 silly fetch manifest @eslint-community/regexpp@^4.12.1
243 silly packumentCache full:https://registry.npmjs.org/@eslint-community%2fregexpp cache-miss
244 http fetch GET 200 https://registry.npmjs.org/file-entry-cache 78ms (cache miss)
245 silly packumentCache full:https://registry.npmjs.org/file-entry-cache set size:undefined disposed:false
246 silly fetch manifest @eslint-community/eslint-utils@^4.8.0
247 silly packumentCache full:https://registry.npmjs.org/@eslint-community%2feslint-utils cache-miss
248 http fetch GET 200 https://registry.npmjs.org/@alloc%2fquick-lru 496ms (cache miss)
249 silly packumentCache full:https://registry.npmjs.org/@alloc%2fquick-lru set size:undefined disposed:false
250 silly fetch manifest @humanwhocodes/module-importer@^1.0.1
251 silly packumentCache full:https://registry.npmjs.org/@humanwhocodes%2fmodule-importer cache-miss
252 http fetch GET 200 https://registry.npmjs.org/eslint-visitor-keys 67ms (cache miss)
253 silly packumentCache full:https://registry.npmjs.org/eslint-visitor-keys set size:undefined disposed:false
254 silly fetch manifest json-stable-stringify-without-jsonify@^1.0.1
255 silly packumentCache full:https://registry.npmjs.org/json-stable-stringify-without-jsonify cache-miss
256 http fetch GET 200 https://registry.npmjs.org/@eslint%2fplugin-kit 89ms (cache miss)
257 silly packumentCache full:https://registry.npmjs.org/@eslint%2fplugin-kit set size:undefined disposed:false
258 silly fetch manifest eslint-plugin-react@^7.37.0
259 silly packumentCache full:https://registry.npmjs.org/eslint-plugin-react cache-miss
260 http fetch GET 200 https://registry.npmjs.org/@eslint%2fconfig-array 82ms (cache miss)
261 silly packumentCache full:https://registry.npmjs.org/@eslint%2fconfig-array set size:undefined disposed:false
262 silly fetch manifest eslint-plugin-import@^2.31.0
263 silly packumentCache full:https://registry.npmjs.org/eslint-plugin-import cache-miss
264 http fetch GET 200 https://registry.npmjs.org/escape-string-regexp 71ms (cache miss)
265 silly packumentCache full:https://registry.npmjs.org/escape-string-regexp set size:undefined disposed:false
266 silly fetch manifest eslint-plugin-jsx-a11y@^6.10.0
267 silly packumentCache full:https://registry.npmjs.org/eslint-plugin-jsx-a11y cache-miss
268 http fetch GET 200 https://registry.npmjs.org/@humanwhocodes%2fretry 79ms (cache miss)
269 silly packumentCache full:https://registry.npmjs.org/@humanwhocodes%2fretry set size:undefined disposed:false
270 silly fetch manifest @rushstack/eslint-patch@^1.10.3
271 silly packumentCache full:https://registry.npmjs.org/@rushstack%2feslint-patch cache-miss
272 http fetch GET 200 https://registry.npmjs.org/@humanwhocodes%2fmodule-importer 84ms (cache miss)
273 silly packumentCache full:https://registry.npmjs.org/@humanwhocodes%2fmodule-importer set size:undefined disposed:false
274 silly fetch manifest @next/eslint-plugin-next@15.3.3
275 silly packumentCache full:https://registry.npmjs.org/@next%2feslint-plugin-next cache-miss
276 http fetch GET 200 https://registry.npmjs.org/@eslint-community%2fregexpp 94ms (cache miss)
277 silly packumentCache full:https://registry.npmjs.org/@eslint-community%2fregexpp set size:undefined disposed:false
278 silly fetch manifest @typescript-eslint/parser@^5.4.2 || ^6.0.0 || ^7.0.0 || ^8.0.0
279 silly packumentCache full:https://registry.npmjs.org/@typescript-eslint%2fparser cache-miss
280 http fetch GET 200 https://registry.npmjs.org/@eslint%2fconfig-helpers 106ms (cache miss)
281 silly packumentCache full:https://registry.npmjs.org/@eslint%2fconfig-helpers set size:undefined disposed:false
282 silly fetch manifest eslint-plugin-react-hooks@^5.0.0
283 silly packumentCache full:https://registry.npmjs.org/eslint-plugin-react-hooks cache-miss
284 http fetch GET 200 https://registry.npmjs.org/@eslint-community%2feslint-utils 96ms (cache miss)
285 silly packumentCache full:https://registry.npmjs.org/@eslint-community%2feslint-utils set size:undefined disposed:false
286 silly fetch manifest eslint-import-resolver-node@^0.3.6
287 silly packumentCache full:https://registry.npmjs.org/eslint-import-resolver-node cache-miss
288 http fetch GET 200 https://registry.npmjs.org/json-stable-stringify-without-jsonify 70ms (cache miss)
289 silly packumentCache full:https://registry.npmjs.org/json-stable-stringify-without-jsonify set size:undefined disposed:false
290 silly fetch manifest @typescript-eslint/eslint-plugin@^5.4.2 || ^6.0.0 || ^7.0.0 || ^8.0.0
291 silly packumentCache full:https://registry.npmjs.org/@typescript-eslint%2feslint-plugin cache-miss
292 http fetch GET 200 https://registry.npmjs.org/@tailwindcss%2fnode 601ms (cache miss)
293 silly packumentCache full:https://registry.npmjs.org/@tailwindcss%2fnode set size:undefined disposed:false
294 silly fetch manifest eslint-import-resolver-typescript@^3.5.2
295 silly packumentCache full:https://registry.npmjs.org/eslint-import-resolver-typescript cache-miss
296 http fetch GET 200 https://registry.npmjs.org/eslint-plugin-react 180ms (cache miss)
297 silly packumentCache full:https://registry.npmjs.org/eslint-plugin-react set size:undefined disposed:false
298 silly fetch manifest busboy@1.6.0
299 silly packumentCache full:https://registry.npmjs.org/busboy cache-miss
300 http fetch GET 200 https://registry.npmjs.org/eslint-plugin-import 181ms (cache miss)
301 silly packumentCache full:https://registry.npmjs.org/eslint-plugin-import set size:undefined disposed:false
302 silly fetch manifest postcss@8.4.31
303 silly packumentCache full:https://registry.npmjs.org/postcss cache-miss
304 http fetch GET 200 https://registry.npmjs.org/eslint-import-resolver-node 134ms (cache miss)
305 silly packumentCache full:https://registry.npmjs.org/eslint-import-resolver-node set size:undefined disposed:false
306 silly fetch manifest @next/env@15.3.3
307 silly packumentCache full:https://registry.npmjs.org/@next%2fenv cache-miss
308 http cache https://registry.npmjs.org/postcss 8ms (cache hit)
309 silly packumentCache full:https://registry.npmjs.org/postcss set size:720302 disposed:false
310 silly fetch manifest styled-jsx@5.1.6
311 silly packumentCache full:https://registry.npmjs.org/styled-jsx cache-miss
312 http fetch GET 200 https://registry.npmjs.org/@tailwindcss%2foxide 547ms (cache miss)
313 silly packumentCache full:https://registry.npmjs.org/@tailwindcss%2foxide set size:undefined disposed:false
314 silly fetch manifest @swc/counter@0.1.3
315 silly packumentCache full:https://registry.npmjs.org/@swc%2fcounter cache-miss
316 http fetch GET 200 https://registry.npmjs.org/busboy 74ms (cache miss)
317 silly packumentCache full:https://registry.npmjs.org/busboy set size:undefined disposed:false
318 silly fetch manifest @swc/helpers@0.5.15
319 silly packumentCache full:https://registry.npmjs.org/@swc%2fhelpers cache-miss
320 http fetch GET 200 https://registry.npmjs.org/eslint-import-resolver-typescript 82ms (cache miss)
321 silly packumentCache full:https://registry.npmjs.org/eslint-import-resolver-typescript set size:undefined disposed:false
322 silly fetch manifest caniuse-lite@^1.0.30001579
323 silly packumentCache full:https://registry.npmjs.org/caniuse-lite cache-miss
324 http fetch GET 200 https://registry.npmjs.org/@rushstack%2feslint-patch 260ms (cache miss)
325 silly packumentCache full:https://registry.npmjs.org/@rushstack%2feslint-patch set size:undefined disposed:false
326 silly fetch manifest sharp@^0.34.1
327 silly packumentCache full:https://registry.npmjs.org/sharp cache-miss
328 http fetch GET 200 https://registry.npmjs.org/styled-jsx 91ms (cache miss)
329 silly packumentCache full:https://registry.npmjs.org/styled-jsx set size:undefined disposed:false
330 silly fetch manifest @next/swc-darwin-x64@15.3.3
331 silly packumentCache full:https://registry.npmjs.org/@next%2fswc-darwin-x64 cache-miss
332 http fetch GET 200 https://registry.npmjs.org/eslint-plugin-jsx-a11y 349ms (cache miss)
333 silly packumentCache full:https://registry.npmjs.org/eslint-plugin-jsx-a11y set size:undefined disposed:false
334 silly fetch manifest @next/swc-darwin-arm64@15.3.3
335 silly packumentCache full:https://registry.npmjs.org/@next%2fswc-darwin-arm64 cache-miss
336 http fetch GET 200 https://registry.npmjs.org/@swc%2fhelpers 117ms (cache miss)
337 silly packumentCache full:https://registry.npmjs.org/@swc%2fhelpers set size:undefined disposed:false
338 silly fetch manifest @next/swc-linux-x64-gnu@15.3.3
339 silly packumentCache full:https://registry.npmjs.org/@next%2fswc-linux-x64-gnu cache-miss
340 http fetch GET 200 https://registry.npmjs.org/sharp 103ms (cache miss)
341 silly packumentCache full:https://registry.npmjs.org/sharp set size:undefined disposed:false
342 silly fetch manifest @next/swc-linux-x64-musl@15.3.3
343 silly packumentCache full:https://registry.npmjs.org/@next%2fswc-linux-x64-musl cache-miss
344 http fetch GET 200 https://registry.npmjs.org/eslint-plugin-react-hooks 374ms (cache miss)
345 silly packumentCache full:https://registry.npmjs.org/eslint-plugin-react-hooks set size:undefined disposed:false
346 silly fetch manifest @next/swc-win32-x64-msvc@15.3.3
347 silly packumentCache full:https://registry.npmjs.org/@next%2fswc-win32-x64-msvc cache-miss
348 http fetch GET 200 https://registry.npmjs.org/caniuse-lite 209ms (cache miss)
349 silly packumentCache full:https://registry.npmjs.org/caniuse-lite set size:undefined disposed:false
350 silly fetch manifest @next/swc-linux-arm64-gnu@15.3.3
351 silly packumentCache full:https://registry.npmjs.org/@next%2fswc-linux-arm64-gnu cache-miss
352 http fetch GET 200 https://registry.npmjs.org/@swc%2fcounter 626ms (cache miss)
353 silly packumentCache full:https://registry.npmjs.org/@swc%2fcounter set size:undefined disposed:false
354 silly fetch manifest @next/swc-linux-arm64-musl@15.3.3
355 silly packumentCache full:https://registry.npmjs.org/@next%2fswc-linux-arm64-musl cache-miss
356 http fetch GET 200 https://registry.npmjs.org/@next%2fswc-darwin-arm64 1015ms (cache miss)
357 silly packumentCache full:https://registry.npmjs.org/@next%2fswc-darwin-arm64 set size:undefined disposed:false
358 silly fetch manifest @next/swc-win32-arm64-msvc@15.3.3
359 silly packumentCache full:https://registry.npmjs.org/@next%2fswc-win32-arm64-msvc cache-miss
360 http fetch GET 200 https://registry.npmjs.org/@next%2fswc-linux-arm64-gnu 955ms (cache miss)
361 silly packumentCache full:https://registry.npmjs.org/@next%2fswc-linux-arm64-gnu set size:undefined disposed:false
362 silly fetch manifest scheduler@^0.27.0
363 silly packumentCache full:https://registry.npmjs.org/scheduler cache-miss
364 http fetch GET 200 https://registry.npmjs.org/@next%2fswc-linux-arm64-musl 1048ms (cache miss)
365 silly packumentCache full:https://registry.npmjs.org/@next%2fswc-linux-arm64-musl set size:undefined disposed:false
366 http fetch GET 200 https://registry.npmjs.org/@typescript-eslint%2feslint-plugin 1929ms (cache miss)
367 silly packumentCache full:https://registry.npmjs.org/@typescript-eslint%2feslint-plugin set size:undefined disposed:false
368 http fetch GET 200 https://registry.npmjs.org/@next%2fswc-win32-arm64-msvc 828ms (cache miss)
369 silly packumentCache full:https://registry.npmjs.org/@next%2fswc-win32-arm64-msvc set size:undefined disposed:false
370 http fetch GET 200 https://registry.npmjs.org/scheduler 941ms (cache miss)
371 silly packumentCache full:https://registry.npmjs.org/scheduler set size:undefined disposed:false
372 http fetch GET 200 https://registry.npmjs.org/@next%2fswc-darwin-x64 2182ms (cache miss)
373 silly packumentCache full:https://registry.npmjs.org/@next%2fswc-darwin-x64 set size:undefined disposed:false
374 http fetch GET 200 https://registry.npmjs.org/@next%2fswc-win32-x64-msvc 2103ms (cache miss)
375 silly packumentCache full:https://registry.npmjs.org/@next%2fswc-win32-x64-msvc set size:undefined disposed:false
376 http fetch GET 200 https://registry.npmjs.org/@next%2fswc-linux-x64-musl 2268ms (cache miss)
377 silly packumentCache full:https://registry.npmjs.org/@next%2fswc-linux-x64-musl set size:undefined disposed:false
378 http fetch GET 200 https://registry.npmjs.org/@next%2fswc-linux-x64-gnu 3447ms (cache miss)
379 silly packumentCache full:https://registry.npmjs.org/@next%2fswc-linux-x64-gnu set size:undefined disposed:false
380 http fetch GET 200 https://registry.npmjs.org/@next%2feslint-plugin-next 4566ms (cache miss)
381 silly packumentCache full:https://registry.npmjs.org/@next%2feslint-plugin-next set size:undefined disposed:false
382 http fetch GET 200 https://registry.npmjs.org/@next%2fenv 5788ms (cache miss)
383 silly packumentCache full:https://registry.npmjs.org/@next%2fenv set size:undefined disposed:false
384 http fetch GET 200 https://registry.npmjs.org/@typescript-eslint%2fparser 9663ms (cache miss)
385 silly packumentCache full:https://registry.npmjs.org/@typescript-eslint%2fparser set size:undefined disposed:false
386 silly placeDep ROOT ajv@6.15.0 OK for: @eslint/eslintrc@3.3.5 want: ^6.14.0
387 silly placeDep ROOT debug@4.4.3 OK for: @eslint/eslintrc@3.3.5 want: ^4.3.2
388 silly placeDep ROOT espree@10.4.0 OK for: @eslint/eslintrc@3.3.5 want: ^10.0.1
389 silly placeDep ROOT globals@14.0.0 OK for: @eslint/eslintrc@3.3.5 want: ^14.0.0
390 silly placeDep ROOT ignore@5.3.2 OK for: @eslint/eslintrc@3.3.5 want: ^5.2.0
391 silly placeDep ROOT import-fresh@3.3.1 OK for: @eslint/eslintrc@3.3.5 want: ^3.2.1
392 silly placeDep ROOT js-yaml@4.1.1 OK for: @eslint/eslintrc@3.3.5 want: ^4.1.1
393 silly placeDep ROOT minimatch@3.1.5 OK for: @eslint/eslintrc@3.3.5 want: ^3.1.5
394 silly placeDep ROOT strip-json-comments@3.1.1 OK for: @eslint/eslintrc@3.3.5 want: ^3.1.1
395 silly fetch manifest uri-js@^4.2.2
396 silly packumentCache full:https://registry.npmjs.org/uri-js cache-miss
397 silly fetch manifest fast-deep-equal@^3.1.1
398 silly packumentCache full:https://registry.npmjs.org/fast-deep-equal cache-miss
399 silly fetch manifest json-schema-traverse@^0.4.1
400 silly packumentCache full:https://registry.npmjs.org/json-schema-traverse cache-miss
401 silly fetch manifest fast-json-stable-stringify@^2.0.0
402 silly packumentCache full:https://registry.npmjs.org/fast-json-stable-stringify cache-miss
403 silly fetch manifest ms@^2.1.3
404 silly packumentCache full:https://registry.npmjs.org/ms cache-miss
405 silly fetch manifest acorn@^8.15.0
406 silly packumentCache full:https://registry.npmjs.org/acorn cache-miss
407 silly fetch manifest acorn-jsx@^5.3.2
408 silly packumentCache full:https://registry.npmjs.org/acorn-jsx cache-miss
409 silly fetch manifest resolve-from@^4.0.0
410 silly packumentCache full:https://registry.npmjs.org/resolve-from cache-miss
411 silly fetch manifest parent-module@^1.0.0
412 silly packumentCache full:https://registry.npmjs.org/parent-module cache-miss
413 silly fetch manifest argparse@^2.0.1
414 silly packumentCache full:https://registry.npmjs.org/argparse cache-miss
415 silly fetch manifest brace-expansion@^1.1.7
416 silly packumentCache full:https://registry.npmjs.org/brace-expansion cache-miss
417 http cache https://registry.npmjs.org/fast-deep-equal 29ms (cache hit)
418 silly packumentCache full:https://registry.npmjs.org/fast-deep-equal set size:48634 disposed:false
419 http fetch GET 200 https://registry.npmjs.org/acorn-jsx 180ms (cache miss)
420 silly packumentCache full:https://registry.npmjs.org/acorn-jsx set size:undefined disposed:false
421 http fetch GET 200 https://registry.npmjs.org/fast-json-stable-stringify 182ms (cache miss)
422 silly packumentCache full:https://registry.npmjs.org/fast-json-stable-stringify set size:undefined disposed:false
423 http fetch GET 200 https://registry.npmjs.org/resolve-from 184ms (cache miss)
424 silly packumentCache full:https://registry.npmjs.org/resolve-from set size:undefined disposed:false
425 http fetch GET 200 https://registry.npmjs.org/parent-module 186ms (cache miss)
426 silly packumentCache full:https://registry.npmjs.org/parent-module set size:undefined disposed:false
427 http fetch GET 200 https://registry.npmjs.org/ms 189ms (cache miss)
428 silly packumentCache full:https://registry.npmjs.org/ms set size:undefined disposed:false
429 http fetch GET 200 https://registry.npmjs.org/argparse 189ms (cache miss)
430 silly packumentCache full:https://registry.npmjs.org/argparse set size:undefined disposed:false
431 http fetch GET 200 https://registry.npmjs.org/json-schema-traverse 195ms (cache miss)
432 silly packumentCache full:https://registry.npmjs.org/json-schema-traverse set size:undefined disposed:false
433 http fetch GET 200 https://registry.npmjs.org/brace-expansion 204ms (cache miss)
434 silly packumentCache full:https://registry.npmjs.org/brace-expansion set size:undefined disposed:false
435 http fetch GET 200 https://registry.npmjs.org/acorn 298ms (cache miss)
436 silly packumentCache full:https://registry.npmjs.org/acorn set size:undefined disposed:false
437 http fetch GET 200 https://registry.npmjs.org/uri-js 426ms (cache miss)
438 silly packumentCache full:https://registry.npmjs.org/uri-js set size:undefined disposed:false
439 silly placeDep ROOT @alloc/quick-lru@5.2.0 OK for: @tailwindcss/postcss@4.3.0 want: ^5.2.0
440 silly placeDep ROOT @tailwindcss/node@4.3.0 OK for: @tailwindcss/postcss@4.3.0 want: 4.3.0
441 silly placeDep ROOT @tailwindcss/oxide@4.3.0 OK for: @tailwindcss/postcss@4.3.0 want: 4.3.0
442 silly placeDep ROOT postcss@8.5.14 OK for: @tailwindcss/postcss@4.3.0 want: ^8.5.10
443 silly fetch manifest jiti@^2.6.1
444 silly packumentCache full:https://registry.npmjs.org/jiti cache-miss
445 silly fetch manifest lightningcss@1.32.0
446 silly packumentCache full:https://registry.npmjs.org/lightningcss cache-miss
447 silly fetch manifest magic-string@^0.30.21
448 silly packumentCache full:https://registry.npmjs.org/magic-string cache-miss
449 silly fetch manifest source-map-js@^1.2.1
450 silly packumentCache full:https://registry.npmjs.org/source-map-js cache-miss
451 silly fetch manifest enhanced-resolve@^5.21.0
452 silly packumentCache full:https://registry.npmjs.org/enhanced-resolve cache-miss
453 silly fetch manifest @jridgewell/remapping@^2.3.5
454 silly packumentCache full:https://registry.npmjs.org/@jridgewell%2fremapping cache-miss
455 silly fetch manifest @tailwindcss/oxide-darwin-x64@4.3.0
456 silly packumentCache full:https://registry.npmjs.org/@tailwindcss%2foxide-darwin-x64 cache-miss
457 silly fetch manifest @tailwindcss/oxide-freebsd-x64@4.3.0
458 silly packumentCache full:https://registry.npmjs.org/@tailwindcss%2foxide-freebsd-x64 cache-miss
459 silly fetch manifest @tailwindcss/oxide-wasm32-wasi@4.3.0
460 silly packumentCache full:https://registry.npmjs.org/@tailwindcss%2foxide-wasm32-wasi cache-miss
461 silly fetch manifest @tailwindcss/oxide-darwin-arm64@4.3.0
462 silly packumentCache full:https://registry.npmjs.org/@tailwindcss%2foxide-darwin-arm64 cache-miss
463 silly fetch manifest @tailwindcss/oxide-android-arm64@4.3.0
464 silly packumentCache full:https://registry.npmjs.org/@tailwindcss%2foxide-android-arm64 cache-miss
465 http cache https://registry.npmjs.org/jiti 11ms (cache hit)
466 silly packumentCache full:https://registry.npmjs.org/jiti set size:387989 disposed:false
467 silly fetch manifest @tailwindcss/oxide-linux-x64-gnu@4.3.0
468 silly packumentCache full:https://registry.npmjs.org/@tailwindcss%2foxide-linux-x64-gnu cache-miss
469 http fetch GET 200 https://registry.npmjs.org/@jridgewell%2fremapping 113ms (cache miss)
470 silly packumentCache full:https://registry.npmjs.org/@jridgewell%2fremapping set size:undefined disposed:false
471 silly fetch manifest @tailwindcss/oxide-linux-x64-musl@4.3.0
472 silly packumentCache full:https://registry.npmjs.org/@tailwindcss%2foxide-linux-x64-musl cache-miss
473 http fetch GET 200 https://registry.npmjs.org/lightningcss 116ms (cache miss)
474 silly packumentCache full:https://registry.npmjs.org/lightningcss set size:undefined disposed:false
475 silly fetch manifest @tailwindcss/oxide-win32-x64-msvc@4.3.0
476 silly packumentCache full:https://registry.npmjs.org/@tailwindcss%2foxide-win32-x64-msvc cache-miss
477 http fetch GET 200 https://registry.npmjs.org/magic-string 118ms (cache miss)
478 silly packumentCache full:https://registry.npmjs.org/magic-string set size:undefined disposed:false
479 silly fetch manifest @tailwindcss/oxide-linux-arm64-gnu@4.3.0
480 silly packumentCache full:https://registry.npmjs.org/@tailwindcss%2foxide-linux-arm64-gnu cache-miss
481 http fetch GET 200 https://registry.npmjs.org/source-map-js 122ms (cache miss)
482 silly packumentCache full:https://registry.npmjs.org/source-map-js set size:undefined disposed:false
483 silly fetch manifest @tailwindcss/oxide-linux-arm64-musl@4.3.0
484 silly packumentCache full:https://registry.npmjs.org/@tailwindcss%2foxide-linux-arm64-musl cache-miss
485 http fetch GET 200 https://registry.npmjs.org/enhanced-resolve 149ms (cache miss)
486 silly packumentCache full:https://registry.npmjs.org/enhanced-resolve set size:undefined disposed:false
487 silly fetch manifest @tailwindcss/oxide-win32-arm64-msvc@4.3.0
488 silly packumentCache full:https://registry.npmjs.org/@tailwindcss%2foxide-win32-arm64-msvc cache-miss
489 http fetch GET 200 https://registry.npmjs.org/@tailwindcss%2foxide-wasm32-wasi 332ms (cache miss)
490 silly packumentCache full:https://registry.npmjs.org/@tailwindcss%2foxide-wasm32-wasi set size:undefined disposed:false
491 silly fetch manifest @tailwindcss/oxide-linux-arm-gnueabihf@4.3.0
492 silly packumentCache full:https://registry.npmjs.org/@tailwindcss%2foxide-linux-arm-gnueabihf cache-miss
493 http fetch GET 200 https://registry.npmjs.org/@tailwindcss%2foxide-linux-x64-gnu 440ms (cache miss)
494 silly packumentCache full:https://registry.npmjs.org/@tailwindcss%2foxide-linux-x64-gnu set size:undefined disposed:false
495 silly fetch manifest nanoid@^3.3.11
496 silly packumentCache full:https://registry.npmjs.org/nanoid cache-miss
497 http fetch GET 200 https://registry.npmjs.org/@tailwindcss%2foxide-linux-x64-musl 409ms (cache miss)
498 silly packumentCache full:https://registry.npmjs.org/@tailwindcss%2foxide-linux-x64-musl set size:undefined disposed:false
499 silly fetch manifest picocolors@^1.1.1
500 silly packumentCache full:https://registry.npmjs.org/picocolors cache-miss
501 http fetch GET 200 https://registry.npmjs.org/picocolors 166ms (cache miss)
502 silly packumentCache full:https://registry.npmjs.org/picocolors set size:undefined disposed:false
503 http fetch GET 200 https://registry.npmjs.org/nanoid 233ms (cache miss)
504 silly packumentCache full:https://registry.npmjs.org/nanoid set size:undefined disposed:false
505 http fetch GET 200 https://registry.npmjs.org/@tailwindcss%2foxide-win32-arm64-msvc 563ms (cache miss)
506 silly packumentCache full:https://registry.npmjs.org/@tailwindcss%2foxide-win32-arm64-msvc set size:undefined disposed:false
507 http fetch GET 200 https://registry.npmjs.org/@tailwindcss%2foxide-linux-arm64-musl 614ms (cache miss)
508 silly packumentCache full:https://registry.npmjs.org/@tailwindcss%2foxide-linux-arm64-musl set size:undefined disposed:false
509 http fetch GET 200 https://registry.npmjs.org/@tailwindcss%2foxide-darwin-x64 813ms (cache miss)
510 silly packumentCache full:https://registry.npmjs.org/@tailwindcss%2foxide-darwin-x64 set size:undefined disposed:false
511 http fetch GET 200 https://registry.npmjs.org/@tailwindcss%2foxide-linux-arm64-gnu 787ms (cache miss)
512 silly packumentCache full:https://registry.npmjs.org/@tailwindcss%2foxide-linux-arm64-gnu set size:undefined disposed:false
513 http fetch GET 200 https://registry.npmjs.org/@tailwindcss%2foxide-android-arm64 947ms (cache miss)
514 silly packumentCache full:https://registry.npmjs.org/@tailwindcss%2foxide-android-arm64 set size:undefined disposed:false
515 http fetch GET 200 https://registry.npmjs.org/@tailwindcss%2foxide-linux-arm-gnueabihf 1011ms (cache miss)
516 silly packumentCache full:https://registry.npmjs.org/@tailwindcss%2foxide-linux-arm-gnueabihf set size:undefined disposed:false
517 http fetch GET 200 https://registry.npmjs.org/@tailwindcss%2foxide-freebsd-x64 1535ms (cache miss)
518 silly packumentCache full:https://registry.npmjs.org/@tailwindcss%2foxide-freebsd-x64 set size:undefined disposed:false
519 http fetch GET 200 https://registry.npmjs.org/@tailwindcss%2foxide-darwin-arm64 1619ms (cache miss)
520 silly packumentCache full:https://registry.npmjs.org/@tailwindcss%2foxide-darwin-arm64 set size:undefined disposed:false
521 http fetch GET 200 https://registry.npmjs.org/@tailwindcss%2foxide-win32-x64-msvc 1621ms (cache miss)
522 silly packumentCache full:https://registry.npmjs.org/@tailwindcss%2foxide-win32-x64-msvc set size:undefined disposed:false
523 silly placeDep ROOT @jridgewell/remapping@2.3.5 OK for: @tailwindcss/node@4.3.0 want: ^2.3.5
524 silly placeDep ROOT enhanced-resolve@5.21.2 OK for: @tailwindcss/node@4.3.0 want: ^5.21.0
525 silly placeDep ROOT jiti@2.7.0 OK for: @tailwindcss/node@4.3.0 want: ^2.6.1
526 silly placeDep ROOT lightningcss@1.32.0 OK for: @tailwindcss/node@4.3.0 want: 1.32.0
527 silly placeDep ROOT magic-string@0.30.21 OK for: @tailwindcss/node@4.3.0 want: ^0.30.21
528 silly placeDep ROOT source-map-js@1.2.1 OK for: @tailwindcss/node@4.3.0 want: ^1.2.1
529 silly fetch manifest @jridgewell/gen-mapping@^0.3.5
530 silly packumentCache full:https://registry.npmjs.org/@jridgewell%2fgen-mapping cache-miss
531 silly fetch manifest @jridgewell/trace-mapping@^0.3.24
532 silly packumentCache full:https://registry.npmjs.org/@jridgewell%2ftrace-mapping cache-miss
533 silly fetch manifest graceful-fs@^4.2.4
534 silly packumentCache full:https://registry.npmjs.org/graceful-fs cache-miss
535 silly fetch manifest tapable@^2.3.3
536 silly packumentCache full:https://registry.npmjs.org/tapable cache-miss
537 silly fetch manifest detect-libc@^2.0.3
538 silly packumentCache full:https://registry.npmjs.org/detect-libc cache-miss
539 silly fetch manifest lightningcss-darwin-x64@1.32.0
540 silly packumentCache full:https://registry.npmjs.org/lightningcss-darwin-x64 cache-miss
541 silly fetch manifest lightningcss-linux-x64-gnu@1.32.0
542 silly packumentCache full:https://registry.npmjs.org/lightningcss-linux-x64-gnu cache-miss
543 silly fetch manifest lightningcss-win32-x64-msvc@1.32.0
544 silly packumentCache full:https://registry.npmjs.org/lightningcss-win32-x64-msvc cache-miss
545 silly fetch manifest lightningcss-win32-arm64-msvc@1.32.0
546 silly packumentCache full:https://registry.npmjs.org/lightningcss-win32-arm64-msvc cache-miss
547 silly fetch manifest lightningcss-darwin-arm64@1.32.0
548 silly packumentCache full:https://registry.npmjs.org/lightningcss-darwin-arm64 cache-miss
549 silly fetch manifest lightningcss-linux-arm64-gnu@1.32.0
550 silly packumentCache full:https://registry.npmjs.org/lightningcss-linux-arm64-gnu cache-miss
551 http fetch GET 200 https://registry.npmjs.org/lightningcss-darwin-x64 99ms (cache miss)
552 silly packumentCache full:https://registry.npmjs.org/lightningcss-darwin-x64 set size:undefined disposed:false
553 silly fetch manifest lightningcss-linux-arm-gnueabihf@1.32.0
554 silly packumentCache full:https://registry.npmjs.org/lightningcss-linux-arm-gnueabihf cache-miss
555 http fetch GET 200 https://registry.npmjs.org/detect-libc 101ms (cache miss)
556 silly packumentCache full:https://registry.npmjs.org/detect-libc set size:undefined disposed:false
557 silly fetch manifest lightningcss-linux-arm64-musl@1.32.0
558 silly packumentCache full:https://registry.npmjs.org/lightningcss-linux-arm64-musl cache-miss
559 http fetch GET 200 https://registry.npmjs.org/@jridgewell%2fgen-mapping 106ms (cache miss)
560 silly packumentCache full:https://registry.npmjs.org/@jridgewell%2fgen-mapping set size:undefined disposed:false
561 silly fetch manifest lightningcss-linux-x64-musl@1.32.0
562 silly packumentCache full:https://registry.npmjs.org/lightningcss-linux-x64-musl cache-miss
563 http fetch GET 200 https://registry.npmjs.org/lightningcss-win32-arm64-msvc 106ms (cache miss)
564 silly packumentCache full:https://registry.npmjs.org/lightningcss-win32-arm64-msvc set size:undefined disposed:false
565 silly fetch manifest lightningcss-freebsd-x64@1.32.0
566 silly packumentCache full:https://registry.npmjs.org/lightningcss-freebsd-x64 cache-miss
567 http fetch GET 200 https://registry.npmjs.org/lightningcss-win32-x64-msvc 110ms (cache miss)
568 silly packumentCache full:https://registry.npmjs.org/lightningcss-win32-x64-msvc set size:undefined disposed:false
569 silly fetch manifest lightningcss-android-arm64@1.32.0
570 silly packumentCache full:https://registry.npmjs.org/lightningcss-android-arm64 cache-miss
571 http fetch GET 200 https://registry.npmjs.org/tapable 113ms (cache miss)
572 silly packumentCache full:https://registry.npmjs.org/tapable set size:undefined disposed:false
573 silly fetch manifest @jridgewell/sourcemap-codec@^1.5.5
574 silly packumentCache full:https://registry.npmjs.org/@jridgewell%2fsourcemap-codec cache-miss
575 http fetch GET 200 https://registry.npmjs.org/graceful-fs 120ms (cache miss)
576 silly packumentCache full:https://registry.npmjs.org/graceful-fs set size:undefined disposed:false
577 http fetch GET 200 https://registry.npmjs.org/lightningcss-linux-arm64-gnu 127ms (cache miss)
578 silly packumentCache full:https://registry.npmjs.org/lightningcss-linux-arm64-gnu set size:undefined disposed:false
579 http fetch GET 200 https://registry.npmjs.org/lightningcss-darwin-arm64 128ms (cache miss)
580 silly packumentCache full:https://registry.npmjs.org/lightningcss-darwin-arm64 set size:undefined disposed:false
581 http fetch GET 200 https://registry.npmjs.org/lightningcss-linux-x64-gnu 130ms (cache miss)
582 silly packumentCache full:https://registry.npmjs.org/lightningcss-linux-x64-gnu set size:undefined disposed:false
583 http fetch GET 200 https://registry.npmjs.org/lightningcss-android-arm64 64ms (cache miss)
584 silly packumentCache full:https://registry.npmjs.org/lightningcss-android-arm64 set size:undefined disposed:false
585 http fetch GET 200 https://registry.npmjs.org/lightningcss-linux-arm64-musl 87ms (cache miss)
586 silly packumentCache full:https://registry.npmjs.org/lightningcss-linux-arm64-musl set size:undefined disposed:false
587 http fetch GET 200 https://registry.npmjs.org/lightningcss-linux-x64-musl 94ms (cache miss)
588 silly packumentCache full:https://registry.npmjs.org/lightningcss-linux-x64-musl set size:undefined disposed:false
589 http fetch GET 200 https://registry.npmjs.org/lightningcss-linux-arm-gnueabihf 103ms (cache miss)
590 silly packumentCache full:https://registry.npmjs.org/lightningcss-linux-arm-gnueabihf set size:undefined disposed:false
591 http fetch GET 200 https://registry.npmjs.org/@jridgewell%2fsourcemap-codec 218ms (cache miss)
592 silly packumentCache full:https://registry.npmjs.org/@jridgewell%2fsourcemap-codec set size:undefined disposed:false
593 http fetch GET 200 https://registry.npmjs.org/@jridgewell%2ftrace-mapping 348ms (cache miss)
594 silly packumentCache full:https://registry.npmjs.org/@jridgewell%2ftrace-mapping set size:undefined disposed:false
595 http fetch GET 200 https://registry.npmjs.org/lightningcss-freebsd-x64 314ms (cache miss)
596 silly packumentCache full:https://registry.npmjs.org/lightningcss-freebsd-x64 set size:undefined disposed:false
597 silly placeDep ROOT @jridgewell/gen-mapping@0.3.13 OK for: @jridgewell/remapping@2.3.5 want: ^0.3.5
598 silly placeDep ROOT @jridgewell/trace-mapping@0.3.31 OK for: @jridgewell/remapping@2.3.5 want: ^0.3.24
599 silly fetch manifest @jridgewell/sourcemap-codec@^1.5.0
600 silly packumentCache full:https://registry.npmjs.org/@jridgewell%2fsourcemap-codec cache-miss
601 silly fetch manifest @jridgewell/resolve-uri@^3.1.0
602 silly packumentCache full:https://registry.npmjs.org/@jridgewell%2fresolve-uri cache-miss
603 silly fetch manifest @jridgewell/sourcemap-codec@^1.4.14
604 silly packumentCache full:https://registry.npmjs.org/@jridgewell%2fsourcemap-codec cache-miss
605 http cache https://registry.npmjs.org/@jridgewell%2fsourcemap-codec 25ms (cache hit)
606 silly packumentCache full:https://registry.npmjs.org/@jridgewell%2fsourcemap-codec set size:59275 disposed:false
607 http cache https://registry.npmjs.org/@jridgewell%2fsourcemap-codec 25ms (cache hit)
608 silly packumentCache full:https://registry.npmjs.org/@jridgewell%2fsourcemap-codec set size:59275 disposed:false
609 silly packumentCache full:https://registry.npmjs.org/@jridgewell%2fsourcemap-codec dispose
610 http fetch GET 200 https://registry.npmjs.org/@jridgewell%2fresolve-uri 96ms (cache miss)
611 silly packumentCache full:https://registry.npmjs.org/@jridgewell%2fresolve-uri set size:undefined disposed:false
612 silly placeDep ROOT @jridgewell/sourcemap-codec@1.5.5 OK for: @jridgewell/gen-mapping@0.3.13 want: ^1.5.0
613 silly placeDep ROOT @jridgewell/resolve-uri@3.1.2 OK for: @jridgewell/trace-mapping@0.3.31 want: ^3.1.0
614 silly placeDep ROOT @tailwindcss/oxide-android-arm64@4.3.0 OK for: @tailwindcss/oxide@4.3.0 want: 4.3.0
615 silly placeDep ROOT @tailwindcss/oxide-darwin-arm64@4.3.0 OK for: @tailwindcss/oxide@4.3.0 want: 4.3.0
616 silly placeDep ROOT @tailwindcss/oxide-darwin-x64@4.3.0 OK for: @tailwindcss/oxide@4.3.0 want: 4.3.0
617 silly placeDep ROOT @tailwindcss/oxide-freebsd-x64@4.3.0 OK for: @tailwindcss/oxide@4.3.0 want: 4.3.0
618 silly placeDep ROOT @tailwindcss/oxide-linux-arm-gnueabihf@4.3.0 OK for: @tailwindcss/oxide@4.3.0 want: 4.3.0
619 silly placeDep ROOT @tailwindcss/oxide-linux-arm64-gnu@4.3.0 OK for: @tailwindcss/oxide@4.3.0 want: 4.3.0
620 silly placeDep ROOT @tailwindcss/oxide-linux-arm64-musl@4.3.0 OK for: @tailwindcss/oxide@4.3.0 want: 4.3.0
621 silly placeDep ROOT @tailwindcss/oxide-linux-x64-gnu@4.3.0 OK for: @tailwindcss/oxide@4.3.0 want: 4.3.0
622 silly placeDep ROOT @tailwindcss/oxide-linux-x64-musl@4.3.0 OK for: @tailwindcss/oxide@4.3.0 want: 4.3.0
623 silly placeDep ROOT @tailwindcss/oxide-wasm32-wasi@4.3.0 OK for: @tailwindcss/oxide@4.3.0 want: 4.3.0
624 silly placeDep ROOT @tailwindcss/oxide-win32-arm64-msvc@4.3.0 OK for: @tailwindcss/oxide@4.3.0 want: 4.3.0
625 silly placeDep ROOT @tailwindcss/oxide-win32-x64-msvc@4.3.0 OK for: @tailwindcss/oxide@4.3.0 want: 4.3.0
626 silly placeDep ROOT undici-types@6.21.0 OK for: @types/node@20.19.40 want: ~6.21.0
627 silly placeDep ROOT csstype@3.2.3 OK for: @types/react@19.2.14 want: ^3.2.2
628 silly placeDep ROOT fast-deep-equal@3.1.3 OK for: ajv@6.15.0 want: ^3.1.1
629 silly placeDep ROOT fast-json-stable-stringify@2.1.0 OK for: ajv@6.15.0 want: ^2.0.0
630 silly placeDep ROOT json-schema-traverse@0.4.1 OK for: ajv@6.15.0 want: ^0.4.1
631 silly placeDep ROOT uri-js@4.4.1 OK for: ajv@6.15.0 want: ^4.2.2
632 silly fetch manifest punycode@^2.1.0
633 silly packumentCache full:https://registry.npmjs.org/punycode cache-miss
634 http fetch GET 200 https://registry.npmjs.org/punycode 96ms (cache miss)
635 silly packumentCache full:https://registry.npmjs.org/punycode set size:undefined disposed:false
636 silly placeDep ROOT ms@2.1.3 OK for: debug@4.4.3 want: ^2.1.3
637 silly placeDep ROOT graceful-fs@4.2.11 OK for: enhanced-resolve@5.21.2 want: ^4.2.4
638 silly placeDep ROOT tapable@2.3.3 OK for: enhanced-resolve@5.21.2 want: ^2.3.3
639 silly fetch manifest eslint@^6.0.0 || ^7.0.0 || >=8.0.0
640 silly packumentCache full:https://registry.npmjs.org/eslint cache-miss
641 http cache https://registry.npmjs.org/eslint 10ms (cache hit)
642 silly packumentCache full:https://registry.npmjs.org/eslint set size:1990528 disposed:false
643 silly placeDep ROOT @eslint-community/eslint-utils@4.9.1 OK for: eslint@9.39.4 want: ^4.8.0
644 silly placeDep ROOT @eslint-community/regexpp@4.12.2 OK for: eslint@9.39.4 want: ^4.12.1
645 silly placeDep ROOT @eslint/config-array@0.21.2 OK for: eslint@9.39.4 want: ^0.21.2
646 silly placeDep ROOT @eslint/config-helpers@0.4.2 OK for: eslint@9.39.4 want: ^0.4.2
647 silly placeDep ROOT @eslint/core@0.17.0 OK for: eslint@9.39.4 want: ^0.17.0
648 silly placeDep ROOT @eslint/js@9.39.4 OK for: eslint@9.39.4 want: 9.39.4
649 silly placeDep ROOT @eslint/plugin-kit@0.4.1 OK for: eslint@9.39.4 want: ^0.4.1
650 silly placeDep ROOT @humanfs/node@0.16.8 OK for: eslint@9.39.4 want: ^0.16.6
651 silly placeDep ROOT @humanwhocodes/module-importer@1.0.1 OK for: eslint@9.39.4 want: ^1.0.1
652 silly placeDep ROOT @humanwhocodes/retry@0.4.3 OK for: eslint@9.39.4 want: ^0.4.2
653 silly placeDep ROOT @types/estree@1.0.9 OK for: eslint@9.39.4 want: ^1.0.6
654 silly placeDep ROOT chalk@4.1.2 OK for: eslint@9.39.4 want: ^4.0.0
655 silly placeDep ROOT cross-spawn@7.0.6 OK for: eslint@9.39.4 want: ^7.0.6
656 silly placeDep ROOT escape-string-regexp@4.0.0 OK for: eslint@9.39.4 want: ^4.0.0
657 silly placeDep ROOT eslint-scope@8.4.0 OK for: eslint@9.39.4 want: ^8.4.0
658 silly placeDep ROOT eslint-visitor-keys@4.2.1 OK for: eslint@9.39.4 want: ^4.2.1
659 silly placeDep ROOT esquery@1.7.0 OK for: eslint@9.39.4 want: ^1.5.0
660 silly placeDep ROOT esutils@2.0.3 OK for: eslint@9.39.4 want: ^2.0.2
661 silly placeDep ROOT file-entry-cache@8.0.0 OK for: eslint@9.39.4 want: ^8.0.0
662 silly placeDep ROOT find-up@5.0.0 OK for: eslint@9.39.4 want: ^5.0.0
663 silly placeDep ROOT glob-parent@6.0.2 OK for: eslint@9.39.4 want: ^6.0.2
664 silly placeDep ROOT imurmurhash@0.1.4 OK for: eslint@9.39.4 want: ^0.1.4
665 silly placeDep ROOT is-glob@4.0.3 OK for: eslint@9.39.4 want: ^4.0.0
666 silly placeDep ROOT json-stable-stringify-without-jsonify@1.0.1 OK for: eslint@9.39.4 want: ^1.0.1
667 silly placeDep ROOT lodash.merge@4.6.2 OK for: eslint@9.39.4 want: ^4.6.2
668 silly placeDep ROOT natural-compare@1.4.0 OK for: eslint@9.39.4 want: ^1.4.0
669 silly placeDep ROOT optionator@0.9.4 OK for: eslint@9.39.4 want: ^0.9.3
670 silly fetch manifest eslint-visitor-keys@^3.4.3
671 silly packumentCache full:https://registry.npmjs.org/eslint-visitor-keys cache-miss
672 silly fetch manifest @eslint/object-schema@^2.1.7
673 silly packumentCache full:https://registry.npmjs.org/@eslint%2fobject-schema cache-miss
674 silly fetch manifest @types/json-schema@^7.0.15
675 silly packumentCache full:https://registry.npmjs.org/@types%2fjson-schema cache-miss
676 silly fetch manifest levn@^0.4.1
677 silly packumentCache full:https://registry.npmjs.org/levn cache-miss
678 silly fetch manifest @humanwhocodes/retry@^0.4.0
679 silly packumentCache full:https://registry.npmjs.org/@humanwhocodes%2fretry cache-miss
680 silly fetch manifest @humanfs/core@^0.19.2
681 silly packumentCache full:https://registry.npmjs.org/@humanfs%2fcore cache-miss
682 silly fetch manifest @humanfs/types@^0.15.0
683 silly packumentCache full:https://registry.npmjs.org/@humanfs%2ftypes cache-miss
684 silly fetch manifest ansi-styles@^4.1.0
685 silly packumentCache full:https://registry.npmjs.org/ansi-styles cache-miss
686 silly fetch manifest supports-color@^7.1.0
687 silly packumentCache full:https://registry.npmjs.org/supports-color cache-miss
688 silly fetch manifest which@^2.0.1
689 silly packumentCache full:https://registry.npmjs.org/which cache-miss
690 silly fetch manifest path-key@^3.1.0
691 silly packumentCache full:https://registry.npmjs.org/path-key cache-miss
692 http cache https://registry.npmjs.org/eslint-visitor-keys 17ms (cache hit)
693 silly packumentCache full:https://registry.npmjs.org/eslint-visitor-keys set size:69949 disposed:false
694 silly fetch manifest shebang-command@^2.0.0
695 silly packumentCache full:https://registry.npmjs.org/shebang-command cache-miss
696 http cache https://registry.npmjs.org/@humanwhocodes%2fretry 18ms (cache hit)
697 silly packumentCache full:https://registry.npmjs.org/@humanwhocodes%2fretry set size:42348 disposed:false
698 silly fetch manifest esrecurse@^4.3.0
699 silly packumentCache full:https://registry.npmjs.org/esrecurse cache-miss
700 http fetch GET 200 https://registry.npmjs.org/@types%2fjson-schema 136ms (cache miss)
701 silly packumentCache full:https://registry.npmjs.org/@types%2fjson-schema set size:undefined disposed:false
702 silly fetch manifest estraverse@^5.2.0
703 silly packumentCache full:https://registry.npmjs.org/estraverse cache-miss
704 http fetch GET 200 https://registry.npmjs.org/@eslint%2fobject-schema 139ms (cache miss)
705 silly packumentCache full:https://registry.npmjs.org/@eslint%2fobject-schema set size:undefined disposed:false
706 silly fetch manifest estraverse@^5.1.0
707 silly packumentCache full:https://registry.npmjs.org/estraverse cache-miss
708 http fetch GET 200 https://registry.npmjs.org/path-key 138ms (cache miss)
709 silly packumentCache full:https://registry.npmjs.org/path-key set size:undefined disposed:false
710 silly fetch manifest flat-cache@^4.0.0
711 silly packumentCache full:https://registry.npmjs.org/flat-cache cache-miss
712 http fetch GET 200 https://registry.npmjs.org/@humanfs%2ftypes 141ms (cache miss)
713 silly packumentCache full:https://registry.npmjs.org/@humanfs%2ftypes set size:undefined disposed:false
714 silly fetch manifest locate-path@^6.0.0
715 silly packumentCache full:https://registry.npmjs.org/locate-path cache-miss
716 http fetch GET 200 https://registry.npmjs.org/@humanfs%2fcore 143ms (cache miss)
717 silly packumentCache full:https://registry.npmjs.org/@humanfs%2fcore set size:undefined disposed:false
718 silly fetch manifest path-exists@^4.0.0
719 silly packumentCache full:https://registry.npmjs.org/path-exists cache-miss
720 http fetch GET 200 https://registry.npmjs.org/supports-color 147ms (cache miss)
721 silly packumentCache full:https://registry.npmjs.org/supports-color set size:undefined disposed:false
722 silly fetch manifest is-glob@^4.0.3
723 silly packumentCache full:https://registry.npmjs.org/is-glob cache-miss
724 http fetch GET 200 https://registry.npmjs.org/shebang-command 132ms (cache miss)
725 silly packumentCache full:https://registry.npmjs.org/shebang-command set size:undefined disposed:false
726 silly fetch manifest is-extglob@^2.1.1
727 silly packumentCache full:https://registry.npmjs.org/is-extglob cache-miss
728 http fetch GET 200 https://registry.npmjs.org/which 150ms (cache miss)
729 silly packumentCache full:https://registry.npmjs.org/which set size:undefined disposed:false
730 silly fetch manifest prelude-ls@^1.2.1
731 silly packumentCache full:https://registry.npmjs.org/prelude-ls cache-miss
732 http fetch GET 200 https://registry.npmjs.org/esrecurse 135ms (cache miss)
733 silly packumentCache full:https://registry.npmjs.org/esrecurse set size:undefined disposed:false
734 silly fetch manifest deep-is@^0.1.3
735 silly packumentCache full:https://registry.npmjs.org/deep-is cache-miss
736 http fetch GET 200 https://registry.npmjs.org/levn 156ms (cache miss)
737 silly packumentCache full:https://registry.npmjs.org/levn set size:undefined disposed:false
738 silly fetch manifest word-wrap@^1.2.5
739 silly packumentCache full:https://registry.npmjs.org/word-wrap cache-miss
740 http fetch GET 200 https://registry.npmjs.org/ansi-styles 159ms (cache miss)
741 silly packumentCache full:https://registry.npmjs.org/ansi-styles set size:undefined disposed:false
742 silly fetch manifest type-check@^0.4.0
743 silly packumentCache full:https://registry.npmjs.org/type-check cache-miss
744 http cache https://registry.npmjs.org/is-glob 18ms (cache hit)
745 silly packumentCache full:https://registry.npmjs.org/is-glob set size:40530 disposed:false
746 silly fetch manifest fast-levenshtein@^2.0.6
747 silly packumentCache full:https://registry.npmjs.org/fast-levenshtein cache-miss
748 http fetch GET 200 https://registry.npmjs.org/estraverse 93ms (cache miss)
749 silly packumentCache full:https://registry.npmjs.org/estraverse set size:undefined disposed:false
750 http fetch GET 200 https://registry.npmjs.org/estraverse 92ms (cache miss)
751 silly packumentCache full:https://registry.npmjs.org/estraverse set size:undefined disposed:false
752 http fetch GET 200 https://registry.npmjs.org/locate-path 92ms (cache miss)
753 silly packumentCache full:https://registry.npmjs.org/locate-path set size:undefined disposed:false
754 http fetch GET 200 https://registry.npmjs.org/path-exists 93ms (cache miss)
755 silly packumentCache full:https://registry.npmjs.org/path-exists set size:undefined disposed:false
756 http fetch GET 200 https://registry.npmjs.org/flat-cache 100ms (cache miss)
757 silly packumentCache full:https://registry.npmjs.org/flat-cache set size:undefined disposed:false
758 http fetch GET 200 https://registry.npmjs.org/word-wrap 86ms (cache miss)
759 silly packumentCache full:https://registry.npmjs.org/word-wrap set size:undefined disposed:false
760 http fetch GET 200 https://registry.npmjs.org/is-extglob 94ms (cache miss)
761 silly packumentCache full:https://registry.npmjs.org/is-extglob set size:undefined disposed:false
762 http fetch GET 200 https://registry.npmjs.org/prelude-ls 94ms (cache miss)
763 silly packumentCache full:https://registry.npmjs.org/prelude-ls set size:undefined disposed:false
764 http fetch GET 200 https://registry.npmjs.org/type-check 86ms (cache miss)
765 silly packumentCache full:https://registry.npmjs.org/type-check set size:undefined disposed:false
766 http fetch GET 200 https://registry.npmjs.org/deep-is 93ms (cache miss)
767 silly packumentCache full:https://registry.npmjs.org/deep-is set size:undefined disposed:false
768 http fetch GET 200 https://registry.npmjs.org/fast-levenshtein 88ms (cache miss)
769 silly packumentCache full:https://registry.npmjs.org/fast-levenshtein set size:undefined disposed:false
770 silly placeDep node_modules/@eslint-community/eslint-utils eslint-visitor-keys@3.4.3 OK for: @eslint-community/eslint-utils@4.9.1 want: ^3.4.3
771 silly placeDep ROOT @eslint/object-schema@2.1.7 OK for: @eslint/config-array@0.21.2 want: ^2.1.7
772 silly placeDep ROOT @types/json-schema@7.0.15 OK for: @eslint/core@0.17.0 want: ^7.0.15
773 silly placeDep ROOT levn@0.4.1 OK for: @eslint/plugin-kit@0.4.1 want: ^0.4.1
774 silly fetch manifest type-check@~0.4.0
775 silly packumentCache full:https://registry.npmjs.org/type-check cache-miss
776 http cache https://registry.npmjs.org/type-check 5ms (cache hit)
777 silly packumentCache full:https://registry.npmjs.org/type-check set size:21221 disposed:false
778 silly placeDep ROOT @humanfs/core@0.19.2 OK for: @humanfs/node@0.16.8 want: ^0.19.2
779 silly placeDep ROOT @humanfs/types@0.15.0 OK for: @humanfs/node@0.16.8 want: ^0.15.0
780 silly placeDep ROOT ansi-styles@4.3.0 OK for: chalk@4.1.2 want: ^4.1.0
781 silly placeDep ROOT supports-color@7.2.0 OK for: chalk@4.1.2 want: ^7.1.0
782 silly fetch manifest color-convert@^2.0.1
783 silly packumentCache full:https://registry.npmjs.org/color-convert cache-miss
784 silly fetch manifest has-flag@^4.0.0
785 silly packumentCache full:https://registry.npmjs.org/has-flag cache-miss
786 http fetch GET 200 https://registry.npmjs.org/has-flag 109ms (cache miss)
787 silly packumentCache full:https://registry.npmjs.org/has-flag set size:undefined disposed:false
788 http fetch GET 200 https://registry.npmjs.org/color-convert 111ms (cache miss)
789 silly packumentCache full:https://registry.npmjs.org/color-convert set size:undefined disposed:false
790 silly placeDep ROOT color-convert@2.0.1 OK for: ansi-styles@4.3.0 want: ^2.0.1
791 silly fetch manifest color-name@~1.1.4
792 silly packumentCache full:https://registry.npmjs.org/color-name cache-miss
793 http fetch GET 200 https://registry.npmjs.org/color-name 73ms (cache miss)
794 silly packumentCache full:https://registry.npmjs.org/color-name set size:undefined disposed:false
795 silly placeDep ROOT color-name@1.1.4 OK for: color-convert@2.0.1 want: ~1.1.4
796 silly placeDep ROOT path-key@3.1.1 OK for: cross-spawn@7.0.6 want: ^3.1.0
797 silly placeDep ROOT shebang-command@2.0.0 OK for: cross-spawn@7.0.6 want: ^2.0.0
798 silly placeDep ROOT which@2.0.2 OK for: cross-spawn@7.0.6 want: ^2.0.1
799 silly fetch manifest shebang-regex@^3.0.0
800 silly packumentCache full:https://registry.npmjs.org/shebang-regex cache-miss
801 silly fetch manifest isexe@^2.0.0
802 silly packumentCache full:https://registry.npmjs.org/isexe cache-miss
803 http fetch GET 200 https://registry.npmjs.org/isexe 78ms (cache miss)
804 silly packumentCache full:https://registry.npmjs.org/isexe set size:undefined disposed:false
805 http fetch GET 200 https://registry.npmjs.org/shebang-regex 83ms (cache miss)
806 silly packumentCache full:https://registry.npmjs.org/shebang-regex set size:undefined disposed:false
807 silly fetch manifest eslint@^7.23.0 || ^8.0.0 || ^9.0.0
808 silly packumentCache full:https://registry.npmjs.org/eslint cache-miss
809 http cache https://registry.npmjs.org/eslint 10ms (cache hit)
810 silly packumentCache full:https://registry.npmjs.org/eslint set size:1990528 disposed:false
811 silly fetch manifest typescript@>=3.3.1
812 silly packumentCache full:https://registry.npmjs.org/typescript cache-miss
813 http cache https://registry.npmjs.org/typescript 41ms (cache hit)
814 silly packumentCache full:https://registry.npmjs.org/typescript set size:15409943 disposed:false
815 silly fetch manifest eslint-plugin-import-x@*
816 silly packumentCache full:https://registry.npmjs.org/eslint-plugin-import-x cache-miss
817 http fetch GET 200 https://registry.npmjs.org/eslint-plugin-import-x 81ms (cache miss)
818 silly packumentCache full:https://registry.npmjs.org/eslint-plugin-import-x set size:undefined disposed:false
819 silly fetch manifest @typescript-eslint/utils@^8.56.0
820 silly packumentCache full:https://registry.npmjs.org/@typescript-eslint%2futils cache-miss
821 http fetch GET 200 https://registry.npmjs.org/@typescript-eslint%2futils 1481ms (cache miss)
822 silly packumentCache full:https://registry.npmjs.org/@typescript-eslint%2futils set size:undefined disposed:false
823 silly placeDep ROOT @next/eslint-plugin-next@15.3.3 OK for: eslint-config-next@15.3.3 want: 15.3.3
824 silly placeDep ROOT @rushstack/eslint-patch@1.16.1 OK for: eslint-config-next@15.3.3 want: ^1.10.3
825 silly placeDep ROOT @typescript-eslint/eslint-plugin@8.59.2 OK for: eslint-config-next@15.3.3 want: ^5.4.2 || ^6.0.0 || ^7.0.0 || ^8.0.0
826 silly placeDep ROOT @typescript-eslint/parser@8.59.2 OK for: @typescript-eslint/eslint-plugin@8.59.2 want: ^8.59.2
827 silly placeDep ROOT eslint-import-resolver-node@0.3.10 OK for: eslint-config-next@15.3.3 want: ^0.3.6
828 silly placeDep ROOT eslint-import-resolver-typescript@3.10.1 OK for: eslint-config-next@15.3.3 want: ^3.5.2
829 silly placeDep ROOT eslint-plugin-import@2.32.0 OK for: eslint-config-next@15.3.3 want: ^2.31.0
830 silly placeDep ROOT eslint-plugin-jsx-a11y@6.10.2 OK for: eslint-config-next@15.3.3 want: ^6.10.0
831 silly placeDep ROOT eslint-plugin-react@7.37.5 OK for: eslint-config-next@15.3.3 want: ^7.37.0
832 silly placeDep ROOT eslint-plugin-react-hooks@5.2.0 OK for: eslint-config-next@15.3.3 want: ^5.0.0
833 silly fetch manifest fast-glob@3.3.1
834 silly packumentCache full:https://registry.npmjs.org/fast-glob cache-miss
835 silly fetch manifest ignore@^7.0.5
836 silly packumentCache full:https://registry.npmjs.org/ignore cache-miss
837 silly fetch manifest ts-api-utils@^2.5.0
838 silly packumentCache full:https://registry.npmjs.org/ts-api-utils cache-miss
839 silly fetch manifest @typescript-eslint/utils@8.59.2
840 silly packumentCache full:https://registry.npmjs.org/@typescript-eslint%2futils cache-miss
841 silly fetch manifest @typescript-eslint/type-utils@8.59.2
842 silly packumentCache full:https://registry.npmjs.org/@typescript-eslint%2ftype-utils cache-miss
843 silly fetch manifest @typescript-eslint/visitor-keys@8.59.2
844 silly packumentCache full:https://registry.npmjs.org/@typescript-eslint%2fvisitor-keys cache-miss
845 silly fetch manifest @typescript-eslint/scope-manager@8.59.2
846 silly packumentCache full:https://registry.npmjs.org/@typescript-eslint%2fscope-manager cache-miss
847 silly fetch manifest @typescript-eslint/types@8.59.2
848 silly packumentCache full:https://registry.npmjs.org/@typescript-eslint%2ftypes cache-miss
849 silly fetch manifest @typescript-eslint/visitor-keys@8.59.2
850 silly packumentCache full:https://registry.npmjs.org/@typescript-eslint%2fvisitor-keys cache-miss
851 silly fetch manifest @typescript-eslint/scope-manager@8.59.2
852 silly packumentCache full:https://registry.npmjs.org/@typescript-eslint%2fscope-manager cache-miss
853 silly fetch manifest @typescript-eslint/typescript-estree@8.59.2
854 silly packumentCache full:https://registry.npmjs.org/@typescript-eslint%2ftypescript-estree cache-miss
855 http cache https://registry.npmjs.org/ignore 18ms (cache hit)
856 silly packumentCache full:https://registry.npmjs.org/ignore set size:237380 disposed:false
857 silly fetch manifest debug@^3.2.7
858 silly packumentCache full:https://registry.npmjs.org/debug cache-miss
859 http cache https://registry.npmjs.org/@typescript-eslint%2futils 42ms (cache hit)
860 silly packumentCache full:https://registry.npmjs.org/@typescript-eslint%2futils set size:10089025 disposed:false
861 silly fetch manifest is-core-module@^2.16.1
862 silly packumentCache full:https://registry.npmjs.org/is-core-module cache-miss
863 http cache https://registry.npmjs.org/debug 57ms (cache hit)
864 silly packumentCache full:https://registry.npmjs.org/debug set size:195840 disposed:false
865 silly fetch manifest resolve@^2.0.0-next.6
866 silly packumentCache full:https://registry.npmjs.org/resolve cache-miss
867 http fetch GET 200 https://registry.npmjs.org/fast-glob 123ms (cache miss)
868 silly packumentCache full:https://registry.npmjs.org/fast-glob set size:undefined disposed:false
869 silly fetch manifest tinyglobby@^0.2.13
870 silly packumentCache full:https://registry.npmjs.org/tinyglobby cache-miss
871 http fetch GET 200 https://registry.npmjs.org/ts-api-utils 152ms (cache miss)
872 silly packumentCache full:https://registry.npmjs.org/ts-api-utils set size:undefined disposed:false
873 silly fetch manifest stable-hash@^0.0.5
874 silly packumentCache full:https://registry.npmjs.org/stable-hash cache-miss
875 http fetch GET 200 https://registry.npmjs.org/is-core-module 89ms (cache miss)
876 silly packumentCache full:https://registry.npmjs.org/is-core-module set size:undefined disposed:false
877 silly fetch manifest get-tsconfig@^4.10.0
878 silly packumentCache full:https://registry.npmjs.org/get-tsconfig cache-miss
879 http fetch GET 200 https://registry.npmjs.org/tinyglobby 76ms (cache miss)
880 silly packumentCache full:https://registry.npmjs.org/tinyglobby set size:undefined disposed:false
881 silly fetch manifest is-bun-module@^2.0.0
882 silly packumentCache full:https://registry.npmjs.org/is-bun-module cache-miss
883 http fetch GET 200 https://registry.npmjs.org/stable-hash 77ms (cache miss)
884 silly packumentCache full:https://registry.npmjs.org/stable-hash set size:undefined disposed:false
885 silly fetch manifest unrs-resolver@^1.6.2
886 silly packumentCache full:https://registry.npmjs.org/unrs-resolver cache-miss
887 http fetch GET 200 https://registry.npmjs.org/is-bun-module 61ms (cache miss)
888 silly packumentCache full:https://registry.npmjs.org/is-bun-module set size:undefined disposed:false
889 silly fetch manifest @nolyfill/is-core-module@1.0.39
890 silly packumentCache full:https://registry.npmjs.org/@nolyfill%2fis-core-module cache-miss
891 http fetch GET 200 https://registry.npmjs.org/get-tsconfig 117ms (cache miss)
892 silly packumentCache full:https://registry.npmjs.org/get-tsconfig set size:undefined disposed:false
893 silly fetch manifest @rtsao/scc@^1.1.0
894 silly packumentCache full:https://registry.npmjs.org/@rtsao%2fscc cache-miss
895 http fetch GET 200 https://registry.npmjs.org/unrs-resolver 68ms (cache miss)
896 silly packumentCache full:https://registry.npmjs.org/unrs-resolver set size:undefined disposed:false
897 silly fetch manifest array-includes@^3.1.9
898 silly packumentCache full:https://registry.npmjs.org/array-includes cache-miss
899 http fetch GET 200 https://registry.npmjs.org/@typescript-eslint%2fscope-manager 316ms (cache miss)
900 silly packumentCache full:https://registry.npmjs.org/@typescript-eslint%2fscope-manager set size:undefined disposed:false
901 silly fetch manifest array.prototype.findlastindex@^1.2.6
902 silly packumentCache full:https://registry.npmjs.org/array.prototype.findlastindex cache-miss
903 http fetch GET 200 https://registry.npmjs.org/array-includes 75ms (cache miss)
904 silly packumentCache full:https://registry.npmjs.org/array-includes set size:undefined disposed:false
905 silly fetch manifest array.prototype.flat@^1.3.3
906 silly packumentCache full:https://registry.npmjs.org/array.prototype.flat cache-miss
907 http fetch GET 200 https://registry.npmjs.org/@rtsao%2fscc 127ms (cache miss)
908 silly packumentCache full:https://registry.npmjs.org/@rtsao%2fscc set size:undefined disposed:false
909 silly fetch manifest array.prototype.flatmap@^1.3.3
910 silly packumentCache full:https://registry.npmjs.org/array.prototype.flatmap cache-miss
911 http fetch GET 200 https://registry.npmjs.org/array.prototype.findlastindex 68ms (cache miss)
912 silly packumentCache full:https://registry.npmjs.org/array.prototype.findlastindex set size:undefined disposed:false
913 silly fetch manifest doctrine@^2.1.0
914 silly packumentCache full:https://registry.npmjs.org/doctrine cache-miss
915 http fetch GET 200 https://registry.npmjs.org/resolve 358ms (cache miss)
916 silly packumentCache full:https://registry.npmjs.org/resolve set size:undefined disposed:false
917 silly fetch manifest eslint-module-utils@^2.12.1
918 silly packumentCache full:https://registry.npmjs.org/eslint-module-utils cache-miss
919 http fetch GET 200 https://registry.npmjs.org/doctrine 89ms (cache miss)
920 silly packumentCache full:https://registry.npmjs.org/doctrine set size:undefined disposed:false
921 silly fetch manifest hasown@^2.0.2
922 silly packumentCache full:https://registry.npmjs.org/hasown cache-miss
923 http fetch GET 200 https://registry.npmjs.org/@nolyfill%2fis-core-module 310ms (cache miss)
924 silly packumentCache full:https://registry.npmjs.org/@nolyfill%2fis-core-module set size:undefined disposed:false
925 silly fetch manifest object.fromentries@^2.0.8
926 silly packumentCache full:https://registry.npmjs.org/object.fromentries cache-miss
927 http fetch GET 200 https://registry.npmjs.org/hasown 60ms (cache miss)
928 silly packumentCache full:https://registry.npmjs.org/hasown set size:undefined disposed:false
929 silly fetch manifest object.groupby@^1.0.3
930 silly packumentCache full:https://registry.npmjs.org/object.groupby cache-miss
931 http fetch GET 200 https://registry.npmjs.org/object.groupby 58ms (cache miss)
932 silly packumentCache full:https://registry.npmjs.org/object.groupby set size:undefined disposed:false
933 silly fetch manifest object.values@^1.2.1
934 silly packumentCache full:https://registry.npmjs.org/object.values cache-miss
935 http fetch GET 200 https://registry.npmjs.org/array.prototype.flatmap 249ms (cache miss)
936 silly packumentCache full:https://registry.npmjs.org/array.prototype.flatmap set size:undefined disposed:false
937 silly fetch manifest semver@^6.3.1
938 silly packumentCache full:https://registry.npmjs.org/semver cache-miss
939 http fetch GET 200 https://registry.npmjs.org/array.prototype.flat 306ms (cache miss)
940 silly packumentCache full:https://registry.npmjs.org/array.prototype.flat set size:undefined disposed:false
941 silly fetch manifest string.prototype.trimend@^1.0.9
942 silly packumentCache full:https://registry.npmjs.org/string.prototype.trimend cache-miss
943 http fetch GET 200 https://registry.npmjs.org/string.prototype.trimend 64ms (cache miss)
944 silly packumentCache full:https://registry.npmjs.org/string.prototype.trimend set size:undefined disposed:false
945 silly fetch manifest tsconfig-paths@^3.15.0
946 silly packumentCache full:https://registry.npmjs.org/tsconfig-paths cache-miss
947 http fetch GET 200 https://registry.npmjs.org/@typescript-eslint%2fscope-manager 1217ms (cache miss)
948 silly packumentCache full:https://registry.npmjs.org/@typescript-eslint%2fscope-manager set size:undefined disposed:false
949 silly fetch manifest aria-query@^5.3.2
950 silly packumentCache full:https://registry.npmjs.org/aria-query cache-miss
951 http fetch GET 200 https://registry.npmjs.org/tsconfig-paths 553ms (cache miss)
952 silly packumentCache full:https://registry.npmjs.org/tsconfig-paths set size:undefined disposed:false
953 silly fetch manifest array-includes@^3.1.8
954 silly packumentCache full:https://registry.npmjs.org/array-includes cache-miss
955 http cache https://registry.npmjs.org/array-includes 7ms (cache hit)
956 silly packumentCache full:https://registry.npmjs.org/array-includes set size:77143 disposed:false
957 silly fetch manifest array.prototype.flatmap@^1.3.2
958 silly packumentCache full:https://registry.npmjs.org/array.prototype.flatmap cache-miss
959 http cache https://registry.npmjs.org/array.prototype.flatmap 5ms (cache hit)
960 silly packumentCache full:https://registry.npmjs.org/array.prototype.flatmap set size:51458 disposed:false
961 silly fetch manifest ast-types-flow@^0.0.8
962 silly packumentCache full:https://registry.npmjs.org/ast-types-flow cache-miss
963 http fetch GET 200 https://registry.npmjs.org/semver 780ms (cache miss)
964 silly packumentCache full:https://registry.npmjs.org/semver set size:undefined disposed:false
965 silly fetch manifest axe-core@^4.10.0
966 silly packumentCache full:https://registry.npmjs.org/axe-core cache-miss
967 http fetch GET 200 https://registry.npmjs.org/eslint-module-utils 1010ms (cache miss)
968 silly packumentCache full:https://registry.npmjs.org/eslint-module-utils set size:undefined disposed:false
969 silly fetch manifest axobject-query@^4.1.0
970 silly packumentCache full:https://registry.npmjs.org/axobject-query cache-miss
971 http fetch GET 200 https://registry.npmjs.org/object.fromentries 915ms (cache miss)
972 silly packumentCache full:https://registry.npmjs.org/object.fromentries set size:undefined disposed:false
973 silly fetch manifest damerau-levenshtein@^1.0.8
974 silly packumentCache full:https://registry.npmjs.org/damerau-levenshtein cache-miss
975 http fetch GET 200 https://registry.npmjs.org/axobject-query 81ms (cache miss)
976 silly packumentCache full:https://registry.npmjs.org/axobject-query set size:undefined disposed:false
977 silly fetch manifest emoji-regex@^9.2.2
978 silly packumentCache full:https://registry.npmjs.org/emoji-regex cache-miss
979 http fetch GET 200 https://registry.npmjs.org/emoji-regex 124ms (cache miss)
980 silly packumentCache full:https://registry.npmjs.org/emoji-regex set size:undefined disposed:false
981 silly fetch manifest jsx-ast-utils@^3.3.5
982 silly packumentCache full:https://registry.npmjs.org/jsx-ast-utils cache-miss
983 http fetch GET 200 https://registry.npmjs.org/ast-types-flow 344ms (cache miss)
984 silly packumentCache full:https://registry.npmjs.org/ast-types-flow set size:undefined disposed:false
985 silly fetch manifest language-tags@^1.0.9
986 silly packumentCache full:https://registry.npmjs.org/language-tags cache-miss
987 http fetch GET 200 https://registry.npmjs.org/aria-query 405ms (cache miss)
988 silly packumentCache full:https://registry.npmjs.org/aria-query set size:undefined disposed:false
989 silly fetch manifest safe-regex-test@^1.0.3
990 silly packumentCache full:https://registry.npmjs.org/safe-regex-test cache-miss
991 http fetch GET 200 https://registry.npmjs.org/safe-regex-test 86ms (cache miss)
992 silly packumentCache full:https://registry.npmjs.org/safe-regex-test set size:undefined disposed:false
993 silly fetch manifest string.prototype.includes@^2.0.1
994 silly packumentCache full:https://registry.npmjs.org/string.prototype.includes cache-miss
995 http fetch GET 200 https://registry.npmjs.org/jsx-ast-utils 101ms (cache miss)
996 silly packumentCache full:https://registry.npmjs.org/jsx-ast-utils set size:undefined disposed:false
997 silly fetch manifest array.prototype.findlast@^1.2.5
998 silly packumentCache full:https://registry.npmjs.org/array.prototype.findlast cache-miss
999 http fetch GET 200 https://registry.npmjs.org/language-tags 99ms (cache miss)
1000 silly packumentCache full:https://registry.npmjs.org/language-tags set size:undefined disposed:false
1001 silly fetch manifest array.prototype.tosorted@^1.1.4
1002 silly packumentCache full:https://registry.npmjs.org/array.prototype.tosorted cache-miss
1003 http fetch GET 200 https://registry.npmjs.org/@typescript-eslint%2ftypes 1813ms (cache miss)
1004 silly packumentCache full:https://registry.npmjs.org/@typescript-eslint%2ftypes set size:undefined disposed:false
1005 silly fetch manifest es-iterator-helpers@^1.2.1
1006 silly packumentCache full:https://registry.npmjs.org/es-iterator-helpers cache-miss
1007 http fetch GET 200 https://registry.npmjs.org/array.prototype.findlast 109ms (cache miss)
1008 silly packumentCache full:https://registry.npmjs.org/array.prototype.findlast set size:undefined disposed:false
1009 silly fetch manifest estraverse@^5.3.0
1010 silly packumentCache full:https://registry.npmjs.org/estraverse cache-miss
1011 http fetch GET 200 https://registry.npmjs.org/array.prototype.tosorted 107ms (cache miss)
1012 silly packumentCache full:https://registry.npmjs.org/array.prototype.tosorted set size:undefined disposed:false
1013 silly fetch manifest jsx-ast-utils@^2.4.1 || ^3.0.0
1014 silly packumentCache full:https://registry.npmjs.org/jsx-ast-utils cache-miss
1015 http cache https://registry.npmjs.org/estraverse 7ms (cache hit)
1016 silly packumentCache full:https://registry.npmjs.org/estraverse set size:62412 disposed:false
1017 silly fetch manifest object.entries@^1.1.9
1018 silly packumentCache full:https://registry.npmjs.org/object.entries cache-miss
1019 http cache https://registry.npmjs.org/jsx-ast-utils 5ms (cache hit)
1020 silly packumentCache full:https://registry.npmjs.org/jsx-ast-utils set size:115998 disposed:false
1021 silly fetch manifest object.values@^1.2.1
1022 silly packumentCache full:https://registry.npmjs.org/object.values cache-miss
1023 http fetch GET 200 https://registry.npmjs.org/es-iterator-helpers 105ms (cache miss)
1024 silly packumentCache full:https://registry.npmjs.org/es-iterator-helpers set size:undefined disposed:false
1025 silly fetch manifest prop-types@^15.8.1
1026 silly packumentCache full:https://registry.npmjs.org/prop-types cache-miss
1027 http fetch GET 200 https://registry.npmjs.org/object.values 91ms (cache miss)
1028 silly packumentCache full:https://registry.npmjs.org/object.values set size:undefined disposed:false
1029 silly fetch manifest resolve@^2.0.0-next.5
1030 silly packumentCache full:https://registry.npmjs.org/resolve cache-miss
1031 http cache https://registry.npmjs.org/resolve 8ms (cache hit)
1032 silly packumentCache full:https://registry.npmjs.org/resolve set size:252941 disposed:false
1033 silly fetch manifest string.prototype.matchall@^4.0.12
1034 silly packumentCache full:https://registry.npmjs.org/string.prototype.matchall cache-miss
1035 http fetch GET 200 https://registry.npmjs.org/prop-types 110ms (cache miss)
1036 silly packumentCache full:https://registry.npmjs.org/prop-types set size:undefined disposed:false
1037 silly fetch manifest string.prototype.repeat@^1.0.0
1038 silly packumentCache full:https://registry.npmjs.org/string.prototype.repeat cache-miss
1039 http fetch GET 200 https://registry.npmjs.org/string.prototype.matchall 96ms (cache miss)
1040 silly packumentCache full:https://registry.npmjs.org/string.prototype.matchall set size:undefined disposed:false
1041 http fetch GET 200 https://registry.npmjs.org/string.prototype.includes 346ms (cache miss)
1042 silly packumentCache full:https://registry.npmjs.org/string.prototype.includes set size:undefined disposed:false
1043 http fetch GET 200 https://registry.npmjs.org/string.prototype.repeat 83ms (cache miss)
1044 silly packumentCache full:https://registry.npmjs.org/string.prototype.repeat set size:undefined disposed:false
1045 http fetch GET 200 https://registry.npmjs.org/object.entries 327ms (cache miss)
1046 silly packumentCache full:https://registry.npmjs.org/object.entries set size:undefined disposed:false
1047 http fetch GET 200 https://registry.npmjs.org/object.values 1941ms (cache miss)
1048 silly packumentCache full:https://registry.npmjs.org/object.values set size:undefined disposed:false
1049 http fetch GET 200 https://registry.npmjs.org/damerau-levenshtein 1109ms (cache miss)
1050 silly packumentCache full:https://registry.npmjs.org/damerau-levenshtein set size:undefined disposed:false
1051 http fetch GET 200 https://registry.npmjs.org/@typescript-eslint%2ftype-utils 2631ms (cache miss)
1052 silly packumentCache full:https://registry.npmjs.org/@typescript-eslint%2ftype-utils set size:undefined disposed:false
1053 http fetch GET 200 https://registry.npmjs.org/@typescript-eslint%2fvisitor-keys 3099ms (cache miss)
1054 silly packumentCache full:https://registry.npmjs.org/@typescript-eslint%2fvisitor-keys set size:undefined disposed:false
1055 http fetch GET 200 https://registry.npmjs.org/axe-core 2335ms (cache miss)
1056 silly packumentCache full:https://registry.npmjs.org/axe-core set size:undefined disposed:false
1057 http fetch GET 200 https://registry.npmjs.org/@typescript-eslint%2ftypescript-estree 4495ms (cache miss)
1058 silly packumentCache full:https://registry.npmjs.org/@typescript-eslint%2ftypescript-estree set size:undefined disposed:false
1059 http fetch GET 200 https://registry.npmjs.org/@typescript-eslint%2fvisitor-keys 6353ms (cache miss)
1060 silly packumentCache full:https://registry.npmjs.org/@typescript-eslint%2fvisitor-keys set size:undefined disposed:false
1061 silly placeDep ROOT fast-glob@3.3.1 OK for: @next/eslint-plugin-next@15.3.3 want: 3.3.1
1062 silly fetch manifest merge2@^1.3.0
1063 silly packumentCache full:https://registry.npmjs.org/merge2 cache-miss
1064 silly fetch manifest micromatch@^4.0.4
1065 silly packumentCache full:https://registry.npmjs.org/micromatch cache-miss
1066 silly fetch manifest glob-parent@^5.1.2
1067 silly packumentCache full:https://registry.npmjs.org/glob-parent cache-miss
1068 silly fetch manifest @nodelib/fs.stat@^2.0.2
1069 silly packumentCache full:https://registry.npmjs.org/@nodelib%2ffs.stat cache-miss
1070 silly fetch manifest @nodelib/fs.walk@^1.2.3
1071 silly packumentCache full:https://registry.npmjs.org/@nodelib%2ffs.walk cache-miss
1072 http cache https://registry.npmjs.org/glob-parent 22ms (cache hit)
1073 silly packumentCache full:https://registry.npmjs.org/glob-parent set size:42445 disposed:false
1074 http fetch GET 200 https://registry.npmjs.org/merge2 80ms (cache miss)
1075 silly packumentCache full:https://registry.npmjs.org/merge2 set size:undefined disposed:false
1076 http fetch GET 200 https://registry.npmjs.org/@nodelib%2ffs.walk 95ms (cache miss)
1077 silly packumentCache full:https://registry.npmjs.org/@nodelib%2ffs.walk set size:undefined disposed:false
1078 http fetch GET 200 https://registry.npmjs.org/micromatch 111ms (cache miss)
1079 silly packumentCache full:https://registry.npmjs.org/micromatch set size:undefined disposed:false
1080 http fetch GET 200 https://registry.npmjs.org/@nodelib%2ffs.stat 585ms (cache miss)
1081 silly packumentCache full:https://registry.npmjs.org/@nodelib%2ffs.stat set size:undefined disposed:false
1082 silly fetch manifest typescript@>=4.8.4 <6.1.0
1083 silly packumentCache full:https://registry.npmjs.org/typescript cache-miss
1084 http cache https://registry.npmjs.org/typescript 30ms (cache hit)
1085 silly packumentCache full:https://registry.npmjs.org/typescript set size:15409943 disposed:false
1086 silly fetch manifest eslint@^8.57.0 || ^9.0.0 || ^10.0.0
1087 silly packumentCache full:https://registry.npmjs.org/eslint cache-miss
1088 http cache https://registry.npmjs.org/eslint 12ms (cache hit)
1089 silly packumentCache full:https://registry.npmjs.org/eslint set size:1990528 disposed:false
1090 silly placeDep ROOT @typescript-eslint/scope-manager@8.59.2 OK for: @typescript-eslint/eslint-plugin@8.59.2 want: 8.59.2
1091 silly placeDep ROOT @typescript-eslint/type-utils@8.59.2 OK for: @typescript-eslint/eslint-plugin@8.59.2 want: 8.59.2
1092 silly placeDep ROOT @typescript-eslint/utils@8.59.2 OK for: @typescript-eslint/eslint-plugin@8.59.2 want: 8.59.2
1093 silly placeDep ROOT @typescript-eslint/visitor-keys@8.59.2 OK for: @typescript-eslint/eslint-plugin@8.59.2 want: 8.59.2
1094 silly placeDep node_modules/@typescript-eslint/eslint-plugin ignore@7.0.5 OK for: @typescript-eslint/eslint-plugin@8.59.2 want: ^7.0.5
1095 silly placeDep ROOT ts-api-utils@2.5.0 OK for: @typescript-eslint/eslint-plugin@8.59.2 want: ^2.5.0
1096 silly fetch manifest eslint-visitor-keys@^5.0.0
1097 silly packumentCache full:https://registry.npmjs.org/eslint-visitor-keys cache-hit
1098 silly placeDep ROOT @typescript-eslint/types@8.59.2 OK for: @typescript-eslint/parser@8.59.2 want: 8.59.2
1099 silly placeDep ROOT @typescript-eslint/typescript-estree@8.59.2 OK for: @typescript-eslint/parser@8.59.2 want: 8.59.2
1100 silly fetch manifest semver@^7.7.3
1101 silly packumentCache full:https://registry.npmjs.org/semver cache-miss
1102 silly fetch manifest minimatch@^10.2.2
1103 silly packumentCache full:https://registry.npmjs.org/minimatch cache-miss
1104 silly fetch manifest tinyglobby@^0.2.15
1105 silly packumentCache full:https://registry.npmjs.org/tinyglobby cache-miss
1106 silly fetch manifest @typescript-eslint/tsconfig-utils@8.59.2
1107 silly packumentCache full:https://registry.npmjs.org/@typescript-eslint%2ftsconfig-utils cache-miss
1108 silly fetch manifest @typescript-eslint/project-service@8.59.2
1109 silly packumentCache full:https://registry.npmjs.org/@typescript-eslint%2fproject-service cache-miss
1110 http cache https://registry.npmjs.org/minimatch 13ms (cache hit)
1111 silly packumentCache full:https://registry.npmjs.org/minimatch set size:375282 disposed:false
1112 http cache https://registry.npmjs.org/semver 19ms (cache hit)
1113 silly packumentCache full:https://registry.npmjs.org/semver set size:233058 disposed:false
1114 http cache https://registry.npmjs.org/tinyglobby 21ms (cache hit)
1115 silly packumentCache full:https://registry.npmjs.org/tinyglobby set size:52660 disposed:false
1116 http fetch GET 200 https://registry.npmjs.org/@typescript-eslint%2ftsconfig-utils 1714ms (cache miss)
1117 silly packumentCache full:https://registry.npmjs.org/@typescript-eslint%2ftsconfig-utils set size:undefined disposed:false
1118 http fetch GET 200 https://registry.npmjs.org/@typescript-eslint%2fproject-service 2051ms (cache miss)
1119 silly packumentCache full:https://registry.npmjs.org/@typescript-eslint%2fproject-service set size:undefined disposed:false
1120 silly placeDep ROOT @typescript-eslint/project-service@8.59.2 OK for: @typescript-eslint/typescript-estree@8.59.2 want: 8.59.2
1121 silly placeDep ROOT @typescript-eslint/tsconfig-utils@8.59.2 OK for: @typescript-eslint/typescript-estree@8.59.2 want: 8.59.2
1122 silly placeDep node_modules/@typescript-eslint/typescript-estree minimatch@10.2.5 OK for: @typescript-eslint/typescript-estree@8.59.2 want: ^10.2.2
1123 silly placeDep ROOT semver@7.8.0 OK for: @typescript-eslint/typescript-estree@8.59.2 want: ^7.7.3
1124 silly placeDep ROOT tinyglobby@0.2.16 OK for: @typescript-eslint/typescript-estree@8.59.2 want: ^0.2.15
1125 silly fetch manifest @typescript-eslint/tsconfig-utils@^8.59.2
1126 silly packumentCache full:https://registry.npmjs.org/@typescript-eslint%2ftsconfig-utils cache-miss
1127 silly fetch manifest brace-expansion@^5.0.5
1128 silly packumentCache full:https://registry.npmjs.org/brace-expansion cache-miss
1129 silly fetch manifest fdir@^6.5.0
1130 silly packumentCache full:https://registry.npmjs.org/fdir cache-miss
1131 silly fetch manifest picomatch@^4.0.4
1132 silly packumentCache full:https://registry.npmjs.org/picomatch cache-miss
1133 http cache https://registry.npmjs.org/brace-expansion 7ms (cache hit)
1134 silly packumentCache full:https://registry.npmjs.org/brace-expansion set size:70654 disposed:false
1135 http cache https://registry.npmjs.org/@typescript-eslint%2ftsconfig-utils 11ms (cache hit)
1136 silly packumentCache full:https://registry.npmjs.org/@typescript-eslint%2ftsconfig-utils set size:1200989 disposed:false
1137 http fetch GET 200 https://registry.npmjs.org/fdir 114ms (cache miss)
1138 silly packumentCache full:https://registry.npmjs.org/fdir set size:undefined disposed:false
1139 http fetch GET 200 https://registry.npmjs.org/picomatch 133ms (cache miss)
1140 silly packumentCache full:https://registry.npmjs.org/picomatch set size:undefined disposed:false
1141 silly placeDep node_modules/@typescript-eslint/visitor-keys eslint-visitor-keys@5.0.1 OK for: @typescript-eslint/visitor-keys@8.59.2 want: ^5.0.0
1142 silly placeDep node_modules/eslint-import-resolver-node debug@3.2.7 OK for: eslint-import-resolver-node@0.3.10 want: ^3.2.7
1143 silly placeDep ROOT is-core-module@2.16.2 OK for: eslint-import-resolver-node@0.3.10 want: ^2.16.1
1144 silly placeDep ROOT resolve@2.0.0-next.6 OK for: eslint-import-resolver-node@0.3.10 want: ^2.0.0-next.6
1145 silly fetch manifest hasown@^2.0.3
1146 silly packumentCache full:https://registry.npmjs.org/hasown cache-miss
1147 silly fetch manifest es-errors@^1.3.0
1148 silly packumentCache full:https://registry.npmjs.org/es-errors cache-miss
1149 silly fetch manifest path-parse@^1.0.7
1150 silly packumentCache full:https://registry.npmjs.org/path-parse cache-miss
1151 silly fetch manifest object-keys@^1.1.1
1152 silly packumentCache full:https://registry.npmjs.org/object-keys cache-miss
1153 silly fetch manifest node-exports-info@^1.6.0
1154 silly packumentCache full:https://registry.npmjs.org/node-exports-info cache-miss
1155 silly fetch manifest supports-preserve-symlinks-flag@^1.0.0
1156 silly packumentCache full:https://registry.npmjs.org/supports-preserve-symlinks-flag cache-miss
1157 http cache https://registry.npmjs.org/hasown 9ms (cache hit)
1158 silly packumentCache full:https://registry.npmjs.org/hasown set size:15429 disposed:false
1159 http fetch GET 200 https://registry.npmjs.org/path-parse 96ms (cache miss)
1160 silly packumentCache full:https://registry.npmjs.org/path-parse set size:undefined disposed:false
1161 http fetch GET 200 https://registry.npmjs.org/supports-preserve-symlinks-flag 96ms (cache miss)
1162 silly packumentCache full:https://registry.npmjs.org/supports-preserve-symlinks-flag set size:undefined disposed:false
1163 http fetch GET 200 https://registry.npmjs.org/es-errors 97ms (cache miss)
1164 silly packumentCache full:https://registry.npmjs.org/es-errors set size:undefined disposed:false
1165 http fetch GET 200 https://registry.npmjs.org/object-keys 100ms (cache miss)
1166 silly packumentCache full:https://registry.npmjs.org/object-keys set size:undefined disposed:false
1167 http fetch GET 200 https://registry.npmjs.org/node-exports-info 330ms (cache miss)
1168 silly packumentCache full:https://registry.npmjs.org/node-exports-info set size:undefined disposed:false
1169 silly placeDep ROOT @nolyfill/is-core-module@1.0.39 OK for: eslint-import-resolver-typescript@3.10.1 want: 1.0.39
1170 silly placeDep ROOT get-tsconfig@4.14.0 OK for: eslint-import-resolver-typescript@3.10.1 want: ^4.10.0
1171 silly placeDep ROOT is-bun-module@2.0.0 OK for: eslint-import-resolver-typescript@3.10.1 want: ^2.0.0
1172 silly placeDep ROOT stable-hash@0.0.5 OK for: eslint-import-resolver-typescript@3.10.1 want: ^0.0.5
1173 silly placeDep ROOT unrs-resolver@1.11.1 OK for: eslint-import-resolver-typescript@3.10.1 want: ^1.6.2
1174 silly fetch manifest resolve-pkg-maps@^1.0.0
1175 silly packumentCache full:https://registry.npmjs.org/resolve-pkg-maps cache-miss
1176 silly fetch manifest napi-postinstall@^0.3.0
1177 silly packumentCache full:https://registry.npmjs.org/napi-postinstall cache-miss
1178 silly fetch manifest @unrs/resolver-binding-win32-x64-msvc@1.11.1
1179 silly packumentCache full:https://registry.npmjs.org/@unrs%2fresolver-binding-win32-x64-msvc cache-miss
1180 silly fetch manifest @unrs/resolver-binding-win32-arm64-msvc@1.11.1
1181 silly packumentCache full:https://registry.npmjs.org/@unrs%2fresolver-binding-win32-arm64-msvc cache-miss
1182 silly fetch manifest @unrs/resolver-binding-win32-ia32-msvc@1.11.1
1183 silly packumentCache full:https://registry.npmjs.org/@unrs%2fresolver-binding-win32-ia32-msvc cache-miss
1184 silly fetch manifest @unrs/resolver-binding-linux-x64-gnu@1.11.1
1185 silly packumentCache full:https://registry.npmjs.org/@unrs%2fresolver-binding-linux-x64-gnu cache-miss
1186 silly fetch manifest @unrs/resolver-binding-linux-x64-musl@1.11.1
1187 silly packumentCache full:https://registry.npmjs.org/@unrs%2fresolver-binding-linux-x64-musl cache-miss
1188 silly fetch manifest @unrs/resolver-binding-freebsd-x64@1.11.1
1189 silly packumentCache full:https://registry.npmjs.org/@unrs%2fresolver-binding-freebsd-x64 cache-miss
1190 silly fetch manifest @unrs/resolver-binding-android-arm64@1.11.1
1191 silly packumentCache full:https://registry.npmjs.org/@unrs%2fresolver-binding-android-arm64 cache-miss
1192 silly fetch manifest @unrs/resolver-binding-linux-arm64-gnu@1.11.1
1193 silly packumentCache full:https://registry.npmjs.org/@unrs%2fresolver-binding-linux-arm64-gnu cache-miss
1194 silly fetch manifest @unrs/resolver-binding-linux-arm64-musl@1.11.1
1195 silly packumentCache full:https://registry.npmjs.org/@unrs%2fresolver-binding-linux-arm64-musl cache-miss
1196 http fetch GET 200 https://registry.npmjs.org/@unrs%2fresolver-binding-android-arm64 106ms (cache miss)
1197 silly packumentCache full:https://registry.npmjs.org/@unrs%2fresolver-binding-android-arm64 set size:undefined disposed:false
1198 silly fetch manifest @unrs/resolver-binding-android-arm-eabi@1.11.1
1199 silly packumentCache full:https://registry.npmjs.org/@unrs%2fresolver-binding-android-arm-eabi cache-miss
1200 http fetch GET 200 https://registry.npmjs.org/@unrs%2fresolver-binding-linux-arm64-musl 108ms (cache miss)
1201 silly packumentCache full:https://registry.npmjs.org/@unrs%2fresolver-binding-linux-arm64-musl set size:undefined disposed:false
1202 silly fetch manifest @unrs/resolver-binding-linux-arm-gnueabihf@1.11.1
1203 silly packumentCache full:https://registry.npmjs.org/@unrs%2fresolver-binding-linux-arm-gnueabihf cache-miss
1204 http fetch GET 200 https://registry.npmjs.org/@unrs%2fresolver-binding-win32-x64-msvc 116ms (cache miss)
1205 silly packumentCache full:https://registry.npmjs.org/@unrs%2fresolver-binding-win32-x64-msvc set size:undefined disposed:false
1206 silly fetch manifest @unrs/resolver-binding-linux-arm-musleabihf@1.11.1
1207 silly packumentCache full:https://registry.npmjs.org/@unrs%2fresolver-binding-linux-arm-musleabihf cache-miss
1208 http fetch GET 200 https://registry.npmjs.org/napi-postinstall 118ms (cache miss)
1209 silly packumentCache full:https://registry.npmjs.org/napi-postinstall set size:undefined disposed:false
1210 silly fetch manifest @unrs/resolver-binding-linux-ppc64-gnu@1.11.1
1211 silly packumentCache full:https://registry.npmjs.org/@unrs%2fresolver-binding-linux-ppc64-gnu cache-miss
1212 http fetch GET 200 https://registry.npmjs.org/@unrs%2fresolver-binding-win32-ia32-msvc 118ms (cache miss)
1213 silly packumentCache full:https://registry.npmjs.org/@unrs%2fresolver-binding-win32-ia32-msvc set size:undefined disposed:false
1214 silly fetch manifest @unrs/resolver-binding-linux-riscv64-gnu@1.11.1
1215 silly packumentCache full:https://registry.npmjs.org/@unrs%2fresolver-binding-linux-riscv64-gnu cache-miss
1216 http fetch GET 200 https://registry.npmjs.org/@unrs%2fresolver-binding-linux-x64-musl 118ms (cache miss)
1217 silly packumentCache full:https://registry.npmjs.org/@unrs%2fresolver-binding-linux-x64-musl set size:undefined disposed:false
1218 silly fetch manifest @unrs/resolver-binding-linux-riscv64-musl@1.11.1
1219 silly packumentCache full:https://registry.npmjs.org/@unrs%2fresolver-binding-linux-riscv64-musl cache-miss
1220 http fetch GET 200 https://registry.npmjs.org/@unrs%2fresolver-binding-freebsd-x64 121ms (cache miss)
1221 silly packumentCache full:https://registry.npmjs.org/@unrs%2fresolver-binding-freebsd-x64 set size:undefined disposed:false
1222 silly fetch manifest @unrs/resolver-binding-linux-s390x-gnu@1.11.1
1223 silly packumentCache full:https://registry.npmjs.org/@unrs%2fresolver-binding-linux-s390x-gnu cache-miss
1224 http fetch GET 200 https://registry.npmjs.org/@unrs%2fresolver-binding-linux-x64-gnu 123ms (cache miss)
1225 silly packumentCache full:https://registry.npmjs.org/@unrs%2fresolver-binding-linux-x64-gnu set size:undefined disposed:false
1226 silly fetch manifest @unrs/resolver-binding-darwin-x64@1.11.1
1227 silly packumentCache full:https://registry.npmjs.org/@unrs%2fresolver-binding-darwin-x64 cache-miss
1228 http fetch GET 200 https://registry.npmjs.org/@unrs%2fresolver-binding-linux-arm64-gnu 124ms (cache miss)
1229 silly packumentCache full:https://registry.npmjs.org/@unrs%2fresolver-binding-linux-arm64-gnu set size:undefined disposed:false
1230 silly fetch manifest @unrs/resolver-binding-darwin-arm64@1.11.1
1231 silly packumentCache full:https://registry.npmjs.org/@unrs%2fresolver-binding-darwin-arm64 cache-miss
1232 http fetch GET 200 https://registry.npmjs.org/@unrs%2fresolver-binding-win32-arm64-msvc 135ms (cache miss)
1233 silly packumentCache full:https://registry.npmjs.org/@unrs%2fresolver-binding-win32-arm64-msvc set size:undefined disposed:false
1234 silly fetch manifest @unrs/resolver-binding-wasm32-wasi@1.11.1
1235 silly packumentCache full:https://registry.npmjs.org/@unrs%2fresolver-binding-wasm32-wasi cache-miss
1236 http fetch GET 200 https://registry.npmjs.org/@unrs%2fresolver-binding-android-arm-eabi 73ms (cache miss)
1237 silly packumentCache full:https://registry.npmjs.org/@unrs%2fresolver-binding-android-arm-eabi set size:undefined disposed:false
1238 http fetch GET 200 https://registry.npmjs.org/@unrs%2fresolver-binding-linux-arm-gnueabihf 105ms (cache miss)
1239 silly packumentCache full:https://registry.npmjs.org/@unrs%2fresolver-binding-linux-arm-gnueabihf set size:undefined disposed:false
1240 http fetch GET 200 https://registry.npmjs.org/@unrs%2fresolver-binding-linux-arm-musleabihf 99ms (cache miss)
1241 silly packumentCache full:https://registry.npmjs.org/@unrs%2fresolver-binding-linux-arm-musleabihf set size:undefined disposed:false
1242 http fetch GET 200 https://registry.npmjs.org/@unrs%2fresolver-binding-linux-ppc64-gnu 99ms (cache miss)
1243 silly packumentCache full:https://registry.npmjs.org/@unrs%2fresolver-binding-linux-ppc64-gnu set size:undefined disposed:false
1244 http fetch GET 200 https://registry.npmjs.org/@unrs%2fresolver-binding-linux-riscv64-gnu 99ms (cache miss)
1245 silly packumentCache full:https://registry.npmjs.org/@unrs%2fresolver-binding-linux-riscv64-gnu set size:undefined disposed:false
1246 http fetch GET 200 https://registry.npmjs.org/@unrs%2fresolver-binding-linux-riscv64-musl 98ms (cache miss)
1247 silly packumentCache full:https://registry.npmjs.org/@unrs%2fresolver-binding-linux-riscv64-musl set size:undefined disposed:false
1248 http fetch GET 200 https://registry.npmjs.org/@unrs%2fresolver-binding-linux-s390x-gnu 101ms (cache miss)
1249 silly packumentCache full:https://registry.npmjs.org/@unrs%2fresolver-binding-linux-s390x-gnu set size:undefined disposed:false
1250 http fetch GET 200 https://registry.npmjs.org/@unrs%2fresolver-binding-darwin-x64 101ms (cache miss)
1251 silly packumentCache full:https://registry.npmjs.org/@unrs%2fresolver-binding-darwin-x64 set size:undefined disposed:false
1252 http fetch GET 200 https://registry.npmjs.org/@unrs%2fresolver-binding-darwin-arm64 121ms (cache miss)
1253 silly packumentCache full:https://registry.npmjs.org/@unrs%2fresolver-binding-darwin-arm64 set size:undefined disposed:false
1254 http fetch GET 200 https://registry.npmjs.org/@unrs%2fresolver-binding-wasm32-wasi 141ms (cache miss)
1255 silly packumentCache full:https://registry.npmjs.org/@unrs%2fresolver-binding-wasm32-wasi set size:undefined disposed:false
1256 http fetch GET 200 https://registry.npmjs.org/resolve-pkg-maps 328ms (cache miss)
1257 silly packumentCache full:https://registry.npmjs.org/resolve-pkg-maps set size:undefined disposed:false
1258 silly placeDep ROOT @rtsao/scc@1.1.0 OK for: eslint-plugin-import@2.32.0 want: ^1.1.0
1259 silly placeDep ROOT array-includes@3.1.9 OK for: eslint-plugin-import@2.32.0 want: ^3.1.9
1260 silly placeDep ROOT array.prototype.findlastindex@1.2.6 OK for: eslint-plugin-import@2.32.0 want: ^1.2.6
1261 silly placeDep ROOT array.prototype.flat@1.3.3 OK for: eslint-plugin-import@2.32.0 want: ^1.3.3
1262 silly placeDep ROOT array.prototype.flatmap@1.3.3 OK for: eslint-plugin-import@2.32.0 want: ^1.3.3
1263 silly placeDep node_modules/eslint-plugin-import debug@3.2.7 OK for: eslint-plugin-import@2.32.0 want: ^3.2.7
1264 silly placeDep ROOT doctrine@2.1.0 OK for: eslint-plugin-import@2.32.0 want: ^2.1.0
1265 silly placeDep ROOT eslint-module-utils@2.12.1 OK for: eslint-plugin-import@2.32.0 want: ^2.12.1
1266 silly placeDep ROOT hasown@2.0.3 OK for: eslint-plugin-import@2.32.0 want: ^2.0.2
1267 silly placeDep ROOT object.fromentries@2.0.8 OK for: eslint-plugin-import@2.32.0 want: ^2.0.8
1268 silly placeDep ROOT object.groupby@1.0.3 OK for: eslint-plugin-import@2.32.0 want: ^1.0.3
1269 silly placeDep ROOT object.values@1.2.1 OK for: eslint-plugin-import@2.32.0 want: ^1.2.1
1270 silly placeDep node_modules/eslint-plugin-import semver@6.3.1 OK for: eslint-plugin-import@2.32.0 want: ^6.3.1
1271 silly placeDep ROOT string.prototype.trimend@1.0.9 OK for: eslint-plugin-import@2.32.0 want: ^1.0.9
1272 silly placeDep ROOT tsconfig-paths@3.15.0 OK for: eslint-plugin-import@2.32.0 want: ^3.15.0
1273 silly fetch manifest call-bind@^1.0.8
1274 silly packumentCache full:https://registry.npmjs.org/call-bind cache-miss
1275 silly fetch manifest call-bound@^1.0.4
1276 silly packumentCache full:https://registry.npmjs.org/call-bound cache-miss
1277 silly fetch manifest define-properties@^1.2.1
1278 silly packumentCache full:https://registry.npmjs.org/define-properties cache-miss
1279 silly fetch manifest es-abstract@^1.24.0
1280 silly packumentCache full:https://registry.npmjs.org/es-abstract cache-miss
1281 silly fetch manifest es-object-atoms@^1.1.1
1282 silly packumentCache full:https://registry.npmjs.org/es-object-atoms cache-miss
1283 silly fetch manifest get-intrinsic@^1.3.0
1284 silly packumentCache full:https://registry.npmjs.org/get-intrinsic cache-miss
1285 silly fetch manifest is-string@^1.1.1
1286 silly packumentCache full:https://registry.npmjs.org/is-string cache-miss
1287 silly fetch manifest math-intrinsics@^1.1.0
1288 silly packumentCache full:https://registry.npmjs.org/math-intrinsics cache-miss
1289 silly fetch manifest call-bind@^1.0.8
1290 silly packumentCache full:https://registry.npmjs.org/call-bind cache-miss
1291 silly fetch manifest call-bound@^1.0.4
1292 silly packumentCache full:https://registry.npmjs.org/call-bound cache-miss
1293 silly fetch manifest define-properties@^1.2.1
1294 silly packumentCache full:https://registry.npmjs.org/define-properties cache-miss
1295 http fetch GET 200 https://registry.npmjs.org/call-bind 67ms (cache miss)
1296 silly packumentCache full:https://registry.npmjs.org/call-bind set size:undefined disposed:false
1297 silly fetch manifest es-abstract@^1.23.9
1298 silly packumentCache full:https://registry.npmjs.org/es-abstract cache-miss
1299 http fetch GET 200 https://registry.npmjs.org/math-intrinsics 89ms (cache miss)
1300 silly packumentCache full:https://registry.npmjs.org/math-intrinsics set size:undefined disposed:false
1301 silly fetch manifest es-object-atoms@^1.1.1
1302 silly packumentCache full:https://registry.npmjs.org/es-object-atoms cache-miss
1303 http fetch GET 200 https://registry.npmjs.org/es-object-atoms 90ms (cache miss)
1304 silly packumentCache full:https://registry.npmjs.org/es-object-atoms set size:undefined disposed:false
1305 silly fetch manifest es-shim-unscopables@^1.1.0
1306 silly packumentCache full:https://registry.npmjs.org/es-shim-unscopables cache-miss
1307 http fetch GET 200 https://registry.npmjs.org/is-string 92ms (cache miss)
1308 silly packumentCache full:https://registry.npmjs.org/is-string set size:undefined disposed:false
1309 silly fetch manifest define-properties@^1.2.1
1310 silly packumentCache full:https://registry.npmjs.org/define-properties cache-miss
1311 http fetch GET 200 https://registry.npmjs.org/get-intrinsic 93ms (cache miss)
1312 silly packumentCache full:https://registry.npmjs.org/get-intrinsic set size:undefined disposed:false
1313 silly fetch manifest es-abstract@^1.23.5
1314 silly packumentCache full:https://registry.npmjs.org/es-abstract cache-miss
1315 http fetch GET 200 https://registry.npmjs.org/define-properties 95ms (cache miss)
1316 silly packumentCache full:https://registry.npmjs.org/define-properties set size:undefined disposed:false
1317 silly fetch manifest es-shim-unscopables@^1.0.2
1318 silly packumentCache full:https://registry.npmjs.org/es-shim-unscopables cache-miss
1319 http fetch GET 200 https://registry.npmjs.org/define-properties 96ms (cache miss)
1320 silly packumentCache full:https://registry.npmjs.org/define-properties set size:undefined disposed:false
1321 silly fetch manifest es-abstract@^1.23.5
1322 silly packumentCache full:https://registry.npmjs.org/es-abstract cache-miss
1323 http cache https://registry.npmjs.org/es-object-atoms 13ms (cache hit)
1324 silly packumentCache full:https://registry.npmjs.org/es-object-atoms set size:15304 disposed:false
1325 silly fetch manifest es-shim-unscopables@^1.0.2
1326 silly packumentCache full:https://registry.npmjs.org/es-shim-unscopables cache-miss
1327 http cache https://registry.npmjs.org/define-properties 13ms (cache hit)
1328 silly packumentCache full:https://registry.npmjs.org/define-properties set size:31491 disposed:false
1329 silly fetch manifest function-bind@^1.1.2
1330 silly packumentCache full:https://registry.npmjs.org/function-bind cache-miss
1331 http fetch GET 200 https://registry.npmjs.org/call-bind 107ms (cache miss)
1332 silly packumentCache full:https://registry.npmjs.org/call-bind set size:undefined disposed:false
1333 silly fetch manifest call-bind@^1.0.7
1334 silly packumentCache full:https://registry.npmjs.org/call-bind cache-miss
1335 http cache https://registry.npmjs.org/call-bind 6ms (cache hit)
1336 silly packumentCache full:https://registry.npmjs.org/call-bind set size:32985 disposed:false
1337 silly fetch manifest es-abstract@^1.23.2
1338 silly packumentCache full:https://registry.npmjs.org/es-abstract cache-miss
1339 http fetch GET 200 https://registry.npmjs.org/function-bind 77ms (cache miss)
1340 silly packumentCache full:https://registry.npmjs.org/function-bind set size:undefined disposed:false
1341 silly fetch manifest es-object-atoms@^1.0.0
1342 silly packumentCache full:https://registry.npmjs.org/es-object-atoms cache-hit
1343 silly fetch manifest es-abstract@^1.23.2
1344 silly packumentCache full:https://registry.npmjs.org/es-abstract cache-miss
1345 http fetch GET 200 https://registry.npmjs.org/call-bound 363ms (cache miss)
1346 silly packumentCache full:https://registry.npmjs.org/call-bound set size:undefined disposed:false
1347 silly fetch manifest call-bound@^1.0.3
1348 silly packumentCache full:https://registry.npmjs.org/call-bound cache-miss
1349 http fetch GET 200 https://registry.npmjs.org/call-bound 363ms (cache miss)
1350 silly packumentCache full:https://registry.npmjs.org/call-bound set size:undefined disposed:false
1351 silly fetch manifest call-bound@^1.0.2
1352 silly packumentCache full:https://registry.npmjs.org/call-bound cache-miss
1353 http fetch GET 200 https://registry.npmjs.org/es-abstract 300ms (cache miss)
1354 silly packumentCache full:https://registry.npmjs.org/es-abstract set size:undefined disposed:false
1355 silly fetch manifest json5@^1.0.2
1356 silly packumentCache full:https://registry.npmjs.org/json5 cache-miss
1357 http fetch GET 200 https://registry.npmjs.org/es-abstract 273ms (cache miss)
1358 silly packumentCache full:https://registry.npmjs.org/es-abstract set size:undefined disposed:false
1359 silly fetch manifest minimist@^1.2.6
1360 silly packumentCache full:https://registry.npmjs.org/minimist cache-miss
1361 http cache https://registry.npmjs.org/call-bound 12ms (cache hit)
1362 silly packumentCache full:https://registry.npmjs.org/call-bound set size:15317 disposed:false
1363 silly fetch manifest strip-bom@^3.0.0
1364 silly packumentCache full:https://registry.npmjs.org/strip-bom cache-miss
1365 http cache https://registry.npmjs.org/call-bound 14ms (cache hit)
1366 silly packumentCache full:https://registry.npmjs.org/call-bound set size:15317 disposed:false
1367 silly packumentCache full:https://registry.npmjs.org/call-bound dispose
1368 silly fetch manifest @types/json5@^0.0.29
1369 silly packumentCache full:https://registry.npmjs.org/@types%2fjson5 cache-miss
1370 http fetch GET 200 https://registry.npmjs.org/es-abstract 290ms (cache miss)
1371 silly packumentCache full:https://registry.npmjs.org/es-abstract set size:undefined disposed:false
1372 http fetch GET 200 https://registry.npmjs.org/es-abstract 387ms (cache miss)
1373 silly packumentCache full:https://registry.npmjs.org/es-abstract set size:undefined disposed:false
1374 http fetch GET 200 https://registry.npmjs.org/es-shim-unscopables 315ms (cache miss)
1375 silly packumentCache full:https://registry.npmjs.org/es-shim-unscopables set size:undefined disposed:false
1376 http fetch GET 200 https://registry.npmjs.org/es-abstract 241ms (cache miss)
1377 silly packumentCache full:https://registry.npmjs.org/es-abstract set size:undefined disposed:false
1378 http fetch GET 200 https://registry.npmjs.org/es-shim-unscopables 339ms (cache miss)
1379 silly packumentCache full:https://registry.npmjs.org/es-shim-unscopables set size:undefined disposed:false
1380 http fetch GET 200 https://registry.npmjs.org/es-shim-unscopables 331ms (cache miss)
1381 silly packumentCache full:https://registry.npmjs.org/es-shim-unscopables set size:undefined disposed:false
1382 http fetch GET 200 https://registry.npmjs.org/json5 74ms (cache miss)
1383 silly packumentCache full:https://registry.npmjs.org/json5 set size:undefined disposed:false
1384 http fetch GET 200 https://registry.npmjs.org/minimist 89ms (cache miss)
1385 silly packumentCache full:https://registry.npmjs.org/minimist set size:undefined disposed:false
1386 http fetch GET 200 https://registry.npmjs.org/@types%2fjson5 86ms (cache miss)
1387 silly packumentCache full:https://registry.npmjs.org/@types%2fjson5 set size:undefined disposed:false
1388 http fetch GET 200 https://registry.npmjs.org/strip-bom 98ms (cache miss)
1389 silly packumentCache full:https://registry.npmjs.org/strip-bom set size:undefined disposed:false
1390 http fetch GET 200 https://registry.npmjs.org/es-abstract 501ms (cache miss)
1391 silly packumentCache full:https://registry.npmjs.org/es-abstract set size:undefined disposed:false
1392 silly placeDep ROOT call-bind@1.0.9 OK for: array-includes@3.1.9 want: ^1.0.8
1393 silly placeDep ROOT call-bound@1.0.4 OK for: array-includes@3.1.9 want: ^1.0.4
1394 silly placeDep ROOT define-properties@1.2.1 OK for: array-includes@3.1.9 want: ^1.2.1
1395 silly placeDep ROOT es-abstract@1.24.2 OK for: array-includes@3.1.9 want: ^1.24.0
1396 silly placeDep ROOT es-object-atoms@1.1.1 OK for: array-includes@3.1.9 want: ^1.1.1
1397 silly placeDep ROOT get-intrinsic@1.3.0 OK for: array-includes@3.1.9 want: ^1.3.0
1398 silly placeDep ROOT is-string@1.1.1 OK for: array-includes@3.1.9 want: ^1.1.1
1399 silly placeDep ROOT math-intrinsics@1.1.0 OK for: array-includes@3.1.9 want: ^1.1.0
1400 silly fetch manifest call-bind-apply-helpers@^1.0.2
1401 silly packumentCache full:https://registry.npmjs.org/call-bind-apply-helpers cache-miss
1402 silly fetch manifest es-define-property@^1.0.1
1403 silly packumentCache full:https://registry.npmjs.org/es-define-property cache-miss
1404 silly fetch manifest set-function-length@^1.2.2
1405 silly packumentCache full:https://registry.npmjs.org/set-function-length cache-miss
1406 silly fetch manifest call-bind-apply-helpers@^1.0.2
1407 silly packumentCache full:https://registry.npmjs.org/call-bind-apply-helpers cache-miss
1408 silly fetch manifest define-data-property@^1.0.1
1409 silly packumentCache full:https://registry.npmjs.org/define-data-property cache-miss
1410 silly fetch manifest has-property-descriptors@^1.0.0
1411 silly packumentCache full:https://registry.npmjs.org/has-property-descriptors cache-miss
1412 silly fetch manifest array-buffer-byte-length@^1.0.2
1413 silly packumentCache full:https://registry.npmjs.org/array-buffer-byte-length cache-miss
1414 silly fetch manifest arraybuffer.prototype.slice@^1.0.4
1415 silly packumentCache full:https://registry.npmjs.org/arraybuffer.prototype.slice cache-miss
1416 silly fetch manifest available-typed-arrays@^1.0.7
1417 silly packumentCache full:https://registry.npmjs.org/available-typed-arrays cache-miss
1418 silly fetch manifest data-view-buffer@^1.0.2
1419 silly packumentCache full:https://registry.npmjs.org/data-view-buffer cache-miss
1420 silly fetch manifest data-view-byte-length@^1.0.2
1421 silly packumentCache full:https://registry.npmjs.org/data-view-byte-length cache-miss
1422 http fetch GET 200 https://registry.npmjs.org/call-bind-apply-helpers 98ms (cache miss)
1423 silly packumentCache full:https://registry.npmjs.org/call-bind-apply-helpers set size:undefined disposed:false
1424 silly fetch manifest data-view-byte-offset@^1.0.1
1425 silly packumentCache full:https://registry.npmjs.org/data-view-byte-offset cache-miss
1426 http fetch GET 200 https://registry.npmjs.org/call-bind-apply-helpers 100ms (cache miss)
1427 silly packumentCache full:https://registry.npmjs.org/call-bind-apply-helpers set size:undefined disposed:false
1428 silly fetch manifest es-define-property@^1.0.1
1429 silly packumentCache full:https://registry.npmjs.org/es-define-property cache-miss
1430 http fetch GET 200 https://registry.npmjs.org/array-buffer-byte-length 102ms (cache miss)
1431 silly packumentCache full:https://registry.npmjs.org/array-buffer-byte-length set size:undefined disposed:false
1432 silly fetch manifest es-set-tostringtag@^2.1.0
1433 silly packumentCache full:https://registry.npmjs.org/es-set-tostringtag cache-miss
1434 http fetch GET 200 https://registry.npmjs.org/define-data-property 104ms (cache miss)
1435 silly packumentCache full:https://registry.npmjs.org/define-data-property set size:undefined disposed:false
1436 silly fetch manifest es-to-primitive@^1.3.0
1437 silly packumentCache full:https://registry.npmjs.org/es-to-primitive cache-miss
1438 http fetch GET 200 https://registry.npmjs.org/set-function-length 107ms (cache miss)
1439 silly packumentCache full:https://registry.npmjs.org/set-function-length set size:undefined disposed:false
1440 silly fetch manifest function.prototype.name@^1.1.8
1441 silly packumentCache full:https://registry.npmjs.org/function.prototype.name cache-miss
1442 http fetch GET 200 https://registry.npmjs.org/es-define-property 110ms (cache miss)
1443 silly packumentCache full:https://registry.npmjs.org/es-define-property set size:undefined disposed:false
1444 silly fetch manifest get-proto@^1.0.1
1445 silly packumentCache full:https://registry.npmjs.org/get-proto cache-miss
1446 http fetch GET 200 https://registry.npmjs.org/arraybuffer.prototype.slice 112ms (cache miss)
1447 silly packumentCache full:https://registry.npmjs.org/arraybuffer.prototype.slice set size:undefined disposed:false
1448 silly fetch manifest get-symbol-description@^1.1.0
1449 silly packumentCache full:https://registry.npmjs.org/get-symbol-description cache-miss
1450 http fetch GET 200 https://registry.npmjs.org/available-typed-arrays 114ms (cache miss)
1451 silly packumentCache full:https://registry.npmjs.org/available-typed-arrays set size:undefined disposed:false
1452 silly fetch manifest globalthis@^1.0.4
1453 silly packumentCache full:https://registry.npmjs.org/globalthis cache-miss
1454 http fetch GET 200 https://registry.npmjs.org/data-view-byte-length 117ms (cache miss)
1455 silly packumentCache full:https://registry.npmjs.org/data-view-byte-length set size:undefined disposed:false
1456 silly fetch manifest gopd@^1.2.0
1457 silly packumentCache full:https://registry.npmjs.org/gopd cache-miss
1458 http fetch GET 200 https://registry.npmjs.org/data-view-buffer 119ms (cache miss)
1459 silly packumentCache full:https://registry.npmjs.org/data-view-buffer set size:undefined disposed:false
1460 silly fetch manifest has-property-descriptors@^1.0.2
1461 silly packumentCache full:https://registry.npmjs.org/has-property-descriptors cache-miss
1462 http fetch GET 200 https://registry.npmjs.org/has-property-descriptors 134ms (cache miss)
1463 silly packumentCache full:https://registry.npmjs.org/has-property-descriptors set size:undefined disposed:false
1464 silly fetch manifest has-proto@^1.2.0
1465 silly packumentCache full:https://registry.npmjs.org/has-proto cache-miss
1466 http fetch GET 200 https://registry.npmjs.org/es-define-property 75ms (cache miss)
1467 silly packumentCache full:https://registry.npmjs.org/es-define-property set size:undefined disposed:false
1468 silly fetch manifest has-symbols@^1.1.0
1469 silly packumentCache full:https://registry.npmjs.org/has-symbols cache-miss
1470 http fetch GET 200 https://registry.npmjs.org/data-view-byte-offset 78ms (cache miss)
1471 silly packumentCache full:https://registry.npmjs.org/data-view-byte-offset set size:undefined disposed:false
1472 silly fetch manifest internal-slot@^1.1.0
1473 silly packumentCache full:https://registry.npmjs.org/internal-slot cache-miss
1474 http fetch GET 200 https://registry.npmjs.org/get-proto 82ms (cache miss)
1475 silly packumentCache full:https://registry.npmjs.org/get-proto set size:undefined disposed:false
1476 silly fetch manifest is-array-buffer@^3.0.5
1477 silly packumentCache full:https://registry.npmjs.org/is-array-buffer cache-miss
1478 http fetch GET 200 https://registry.npmjs.org/es-set-tostringtag 89ms (cache miss)
1479 silly packumentCache full:https://registry.npmjs.org/es-set-tostringtag set size:undefined disposed:false
1480 silly fetch manifest is-callable@^1.2.7
1481 silly packumentCache full:https://registry.npmjs.org/is-callable cache-miss
1482 http fetch GET 200 https://registry.npmjs.org/es-to-primitive 89ms (cache miss)
1483 silly packumentCache full:https://registry.npmjs.org/es-to-primitive set size:undefined disposed:false
1484 silly fetch manifest is-data-view@^1.0.2
1485 silly packumentCache full:https://registry.npmjs.org/is-data-view cache-miss
1486 http fetch GET 200 https://registry.npmjs.org/function.prototype.name 92ms (cache miss)
1487 silly packumentCache full:https://registry.npmjs.org/function.prototype.name set size:undefined disposed:false
1488 silly fetch manifest is-negative-zero@^2.0.3
1489 silly packumentCache full:https://registry.npmjs.org/is-negative-zero cache-miss
1490 http fetch GET 200 https://registry.npmjs.org/get-symbol-description 89ms (cache miss)
1491 silly packumentCache full:https://registry.npmjs.org/get-symbol-description set size:undefined disposed:false
1492 silly fetch manifest is-regex@^1.2.1
1493 silly packumentCache full:https://registry.npmjs.org/is-regex cache-miss
1494 http fetch GET 200 https://registry.npmjs.org/globalthis 94ms (cache miss)
1495 silly packumentCache full:https://registry.npmjs.org/globalthis set size:undefined disposed:false
1496 silly fetch manifest is-set@^2.0.3
1497 silly packumentCache full:https://registry.npmjs.org/is-set cache-miss
1498 http fetch GET 200 https://registry.npmjs.org/has-property-descriptors 96ms (cache miss)
1499 silly packumentCache full:https://registry.npmjs.org/has-property-descriptors set size:undefined disposed:false
1500 silly fetch manifest is-shared-array-buffer@^1.0.4
1501 silly packumentCache full:https://registry.npmjs.org/is-shared-array-buffer cache-miss
1502 http fetch GET 200 https://registry.npmjs.org/gopd 99ms (cache miss)
1503 silly packumentCache full:https://registry.npmjs.org/gopd set size:undefined disposed:false
1504 silly fetch manifest is-typed-array@^1.1.15
1505 silly packumentCache full:https://registry.npmjs.org/is-typed-array cache-miss
1506 http fetch GET 200 https://registry.npmjs.org/has-proto 87ms (cache miss)
1507 silly packumentCache full:https://registry.npmjs.org/has-proto set size:undefined disposed:false
1508 silly fetch manifest is-weakref@^1.1.1
1509 silly packumentCache full:https://registry.npmjs.org/is-weakref cache-miss
1510 http fetch GET 200 https://registry.npmjs.org/internal-slot 61ms (cache miss)
1511 silly packumentCache full:https://registry.npmjs.org/internal-slot set size:undefined disposed:false
1512 silly fetch manifest object-inspect@^1.13.4
1513 silly packumentCache full:https://registry.npmjs.org/object-inspect cache-miss
1514 http fetch GET 200 https://registry.npmjs.org/has-symbols 68ms (cache miss)
1515 silly packumentCache full:https://registry.npmjs.org/has-symbols set size:undefined disposed:false
1516 silly fetch manifest object.assign@^4.1.7
1517 silly packumentCache full:https://registry.npmjs.org/object.assign cache-miss
1518 http fetch GET 200 https://registry.npmjs.org/is-array-buffer 77ms (cache miss)
1519 silly packumentCache full:https://registry.npmjs.org/is-array-buffer set size:undefined disposed:false
1520 silly fetch manifest own-keys@^1.0.1
1521 silly packumentCache full:https://registry.npmjs.org/own-keys cache-miss
1522 http fetch GET 200 https://registry.npmjs.org/is-data-view 79ms (cache miss)
1523 silly packumentCache full:https://registry.npmjs.org/is-data-view set size:undefined disposed:false
1524 silly fetch manifest regexp.prototype.flags@^1.5.4
1525 silly packumentCache full:https://registry.npmjs.org/regexp.prototype.flags cache-miss
1526 http fetch GET 200 https://registry.npmjs.org/is-negative-zero 83ms (cache miss)
1527 silly packumentCache full:https://registry.npmjs.org/is-negative-zero set size:undefined disposed:false
1528 silly fetch manifest safe-array-concat@^1.1.3
1529 silly packumentCache full:https://registry.npmjs.org/safe-array-concat cache-miss
1530 http fetch GET 200 https://registry.npmjs.org/is-regex 81ms (cache miss)
1531 silly packumentCache full:https://registry.npmjs.org/is-regex set size:undefined disposed:false
1532 silly fetch manifest safe-push-apply@^1.0.0
1533 silly packumentCache full:https://registry.npmjs.org/safe-push-apply cache-miss
1534 http fetch GET 200 https://registry.npmjs.org/is-callable 97ms (cache miss)
1535 silly packumentCache full:https://registry.npmjs.org/is-callable set size:undefined disposed:false
1536 silly fetch manifest safe-regex-test@^1.1.0
1537 silly packumentCache full:https://registry.npmjs.org/safe-regex-test cache-miss
1538 http fetch GET 200 https://registry.npmjs.org/is-set 78ms (cache miss)
1539 silly packumentCache full:https://registry.npmjs.org/is-set set size:undefined disposed:false
1540 silly fetch manifest set-proto@^1.0.0
1541 silly packumentCache full:https://registry.npmjs.org/set-proto cache-miss
1542 http cache https://registry.npmjs.org/safe-regex-test 4ms (cache hit)
1543 silly packumentCache full:https://registry.npmjs.org/safe-regex-test set size:17412 disposed:false
1544 silly fetch manifest stop-iteration-iterator@^1.1.0
1545 silly packumentCache full:https://registry.npmjs.org/stop-iteration-iterator cache-miss
1546 http fetch GET 200 https://registry.npmjs.org/is-shared-array-buffer 90ms (cache miss)
1547 silly packumentCache full:https://registry.npmjs.org/is-shared-array-buffer set size:undefined disposed:false
1548 silly fetch manifest string.prototype.trim@^1.2.10
1549 silly packumentCache full:https://registry.npmjs.org/string.prototype.trim cache-miss
1550 http fetch GET 200 https://registry.npmjs.org/object-inspect 75ms (cache miss)
1551 silly packumentCache full:https://registry.npmjs.org/object-inspect set size:undefined disposed:false
1552 silly fetch manifest string.prototype.trimstart@^1.0.8
1553 silly packumentCache full:https://registry.npmjs.org/string.prototype.trimstart cache-miss
1554 http fetch GET 200 https://registry.npmjs.org/object.assign 88ms (cache miss)
1555 silly packumentCache full:https://registry.npmjs.org/object.assign set size:undefined disposed:false
1556 silly fetch manifest typed-array-buffer@^1.0.3
1557 silly packumentCache full:https://registry.npmjs.org/typed-array-buffer cache-miss
1558 http fetch GET 200 https://registry.npmjs.org/is-weakref 110ms (cache miss)
1559 silly packumentCache full:https://registry.npmjs.org/is-weakref set size:undefined disposed:false
1560 silly fetch manifest typed-array-byte-length@^1.0.3
1561 silly packumentCache full:https://registry.npmjs.org/typed-array-byte-length cache-miss
1562 http fetch GET 200 https://registry.npmjs.org/regexp.prototype.flags 84ms (cache miss)
1563 silly packumentCache full:https://registry.npmjs.org/regexp.prototype.flags set size:undefined disposed:false
1564 silly fetch manifest typed-array-byte-offset@^1.0.4
1565 silly packumentCache full:https://registry.npmjs.org/typed-array-byte-offset cache-miss
1566 http fetch GET 200 https://registry.npmjs.org/stop-iteration-iterator 70ms (cache miss)
1567 silly packumentCache full:https://registry.npmjs.org/stop-iteration-iterator set size:undefined disposed:false
1568 silly fetch manifest typed-array-length@^1.0.7
1569 silly packumentCache full:https://registry.npmjs.org/typed-array-length cache-miss
1570 http fetch GET 200 https://registry.npmjs.org/safe-array-concat 82ms (cache miss)
1571 silly packumentCache full:https://registry.npmjs.org/safe-array-concat set size:undefined disposed:false
1572 silly fetch manifest unbox-primitive@^1.1.0
1573 silly packumentCache full:https://registry.npmjs.org/unbox-primitive cache-miss
1574 http fetch GET 200 https://registry.npmjs.org/is-typed-array 152ms (cache miss)
1575 silly packumentCache full:https://registry.npmjs.org/is-typed-array set size:undefined disposed:false
1576 silly fetch manifest which-typed-array@^1.1.19
1577 silly packumentCache full:https://registry.npmjs.org/which-typed-array cache-miss
1578 http fetch GET 200 https://registry.npmjs.org/typed-array-buffer 62ms (cache miss)
1579 silly packumentCache full:https://registry.npmjs.org/typed-array-buffer set size:undefined disposed:false
1580 silly fetch manifest has-tostringtag@^1.0.2
1581 silly packumentCache full:https://registry.npmjs.org/has-tostringtag cache-miss
1582 http fetch GET 200 https://registry.npmjs.org/string.prototype.trimstart 82ms (cache miss)
1583 silly packumentCache full:https://registry.npmjs.org/string.prototype.trimstart set size:undefined disposed:false
1584 http fetch GET 200 https://registry.npmjs.org/string.prototype.trim 93ms (cache miss)
1585 silly packumentCache full:https://registry.npmjs.org/string.prototype.trim set size:undefined disposed:false
1586 http fetch GET 200 https://registry.npmjs.org/typed-array-byte-length 81ms (cache miss)
1587 silly packumentCache full:https://registry.npmjs.org/typed-array-byte-length set size:undefined disposed:false
1588 http fetch GET 200 https://registry.npmjs.org/typed-array-byte-offset 76ms (cache miss)
1589 silly packumentCache full:https://registry.npmjs.org/typed-array-byte-offset set size:undefined disposed:false
1590 http fetch GET 200 https://registry.npmjs.org/unbox-primitive 70ms (cache miss)
1591 silly packumentCache full:https://registry.npmjs.org/unbox-primitive set size:undefined disposed:false
1592 http fetch GET 200 https://registry.npmjs.org/typed-array-length 77ms (cache miss)
1593 silly packumentCache full:https://registry.npmjs.org/typed-array-length set size:undefined disposed:false
1594 http fetch GET 200 https://registry.npmjs.org/has-tostringtag 79ms (cache miss)
1595 silly packumentCache full:https://registry.npmjs.org/has-tostringtag set size:undefined disposed:false
1596 http fetch GET 200 https://registry.npmjs.org/which-typed-array 154ms (cache miss)
1597 silly packumentCache full:https://registry.npmjs.org/which-typed-array set size:undefined disposed:false
1598 http fetch GET 200 https://registry.npmjs.org/safe-push-apply 323ms (cache miss)
1599 silly packumentCache full:https://registry.npmjs.org/safe-push-apply set size:undefined disposed:false
1600 http fetch GET 200 https://registry.npmjs.org/set-proto 319ms (cache miss)
1601 silly packumentCache full:https://registry.npmjs.org/set-proto set size:undefined disposed:false
1602 http fetch GET 200 https://registry.npmjs.org/own-keys 808ms (cache miss)
1603 silly packumentCache full:https://registry.npmjs.org/own-keys set size:undefined disposed:false
1604 silly placeDep ROOT es-errors@1.3.0 OK for: array.prototype.findlastindex@1.2.6 want: ^1.3.0
1605 silly placeDep ROOT es-shim-unscopables@1.1.0 OK for: array.prototype.findlastindex@1.2.6 want: ^1.1.0
1606 silly placeDep ROOT call-bind-apply-helpers@1.0.2 OK for: call-bind@1.0.9 want: ^1.0.2
1607 silly placeDep ROOT es-define-property@1.0.1 OK for: call-bind@1.0.9 want: ^1.0.1
1608 silly placeDep ROOT set-function-length@1.2.2 OK for: call-bind@1.0.9 want: ^1.2.2
1609 silly fetch manifest define-data-property@^1.1.4
1610 silly packumentCache full:https://registry.npmjs.org/define-data-property cache-miss
1611 silly fetch manifest gopd@^1.0.1
1612 silly packumentCache full:https://registry.npmjs.org/gopd cache-miss
1613 http cache https://registry.npmjs.org/gopd 11ms (cache hit)
1614 silly packumentCache full:https://registry.npmjs.org/gopd set size:11458 disposed:false
1615 http cache https://registry.npmjs.org/define-data-property 13ms (cache hit)
1616 silly packumentCache full:https://registry.npmjs.org/define-data-property set size:28048 disposed:false
1617 silly placeDep ROOT function-bind@1.1.2 OK for: call-bind-apply-helpers@1.0.2 want: ^1.1.2
1618 silly placeDep ROOT define-data-property@1.1.4 OK for: define-properties@1.2.1 want: ^1.0.1
1619 silly placeDep ROOT has-property-descriptors@1.0.2 OK for: define-properties@1.2.1 want: ^1.0.0
1620 silly placeDep ROOT object-keys@1.1.1 OK for: define-properties@1.2.1 want: ^1.1.1
1621 silly placeDep ROOT gopd@1.2.0 OK for: define-data-property@1.1.4 want: ^1.0.1
1622 silly placeDep ROOT array-buffer-byte-length@1.0.2 OK for: es-abstract@1.24.2 want: ^1.0.2
1623 silly placeDep ROOT arraybuffer.prototype.slice@1.0.4 OK for: es-abstract@1.24.2 want: ^1.0.4
1624 silly placeDep ROOT available-typed-arrays@1.0.7 OK for: es-abstract@1.24.2 want: ^1.0.7
1625 silly placeDep ROOT data-view-buffer@1.0.2 OK for: es-abstract@1.24.2 want: ^1.0.2
1626 silly placeDep ROOT data-view-byte-length@1.0.2 OK for: es-abstract@1.24.2 want: ^1.0.2
1627 silly placeDep ROOT data-view-byte-offset@1.0.1 OK for: es-abstract@1.24.2 want: ^1.0.1
1628 silly placeDep ROOT es-set-tostringtag@2.1.0 OK for: es-abstract@1.24.2 want: ^2.1.0
1629 silly placeDep ROOT es-to-primitive@1.3.0 OK for: es-abstract@1.24.2 want: ^1.3.0
1630 silly placeDep ROOT function.prototype.name@1.1.8 OK for: es-abstract@1.24.2 want: ^1.1.8
1631 silly placeDep ROOT get-proto@1.0.1 OK for: es-abstract@1.24.2 want: ^1.0.1
1632 silly placeDep ROOT get-symbol-description@1.1.0 OK for: es-abstract@1.24.2 want: ^1.1.0
1633 silly placeDep ROOT globalthis@1.0.4 OK for: es-abstract@1.24.2 want: ^1.0.4
1634 silly placeDep ROOT has-proto@1.2.0 OK for: es-abstract@1.24.2 want: ^1.2.0
1635 silly placeDep ROOT has-symbols@1.1.0 OK for: es-abstract@1.24.2 want: ^1.1.0
1636 silly placeDep ROOT internal-slot@1.1.0 OK for: es-abstract@1.24.2 want: ^1.1.0
1637 silly placeDep ROOT is-array-buffer@3.0.5 OK for: es-abstract@1.24.2 want: ^3.0.5
1638 silly placeDep ROOT is-callable@1.2.7 OK for: es-abstract@1.24.2 want: ^1.2.7
1639 silly placeDep ROOT is-data-view@1.0.2 OK for: es-abstract@1.24.2 want: ^1.0.2
1640 silly placeDep ROOT is-negative-zero@2.0.3 OK for: es-abstract@1.24.2 want: ^2.0.3
1641 silly placeDep ROOT is-regex@1.2.1 OK for: es-abstract@1.24.2 want: ^1.2.1
1642 silly placeDep ROOT is-set@2.0.3 OK for: es-abstract@1.24.2 want: ^2.0.3
1643 silly placeDep ROOT is-shared-array-buffer@1.0.4 OK for: es-abstract@1.24.2 want: ^1.0.4
1644 silly placeDep ROOT is-typed-array@1.1.15 OK for: es-abstract@1.24.2 want: ^1.1.15
1645 silly placeDep ROOT is-weakref@1.1.1 OK for: es-abstract@1.24.2 want: ^1.1.1
1646 silly placeDep ROOT object-inspect@1.13.4 OK for: es-abstract@1.24.2 want: ^1.13.4
1647 silly placeDep ROOT object.assign@4.1.7 OK for: es-abstract@1.24.2 want: ^4.1.7
1648 silly placeDep ROOT own-keys@1.0.1 OK for: es-abstract@1.24.2 want: ^1.0.1
1649 silly placeDep ROOT regexp.prototype.flags@1.5.4 OK for: es-abstract@1.24.2 want: ^1.5.4
1650 silly placeDep ROOT safe-array-concat@1.1.4 OK for: es-abstract@1.24.2 want: ^1.1.3
1651 silly placeDep ROOT safe-push-apply@1.0.0 OK for: es-abstract@1.24.2 want: ^1.0.0
1652 silly placeDep ROOT safe-regex-test@1.1.0 OK for: es-abstract@1.24.2 want: ^1.1.0
1653 silly placeDep ROOT set-proto@1.0.0 OK for: es-abstract@1.24.2 want: ^1.0.0
1654 silly placeDep ROOT stop-iteration-iterator@1.1.0 OK for: es-abstract@1.24.2 want: ^1.1.0
1655 silly placeDep ROOT string.prototype.trim@1.2.10 OK for: es-abstract@1.24.2 want: ^1.2.10
1656 silly placeDep ROOT string.prototype.trimstart@1.0.8 OK for: es-abstract@1.24.2 want: ^1.0.8
1657 silly placeDep ROOT typed-array-buffer@1.0.3 OK for: es-abstract@1.24.2 want: ^1.0.3
1658 silly placeDep ROOT typed-array-byte-length@1.0.3 OK for: es-abstract@1.24.2 want: ^1.0.3
1659 silly placeDep ROOT typed-array-byte-offset@1.0.4 OK for: es-abstract@1.24.2 want: ^1.0.4
1660 silly placeDep ROOT typed-array-length@1.0.7 OK for: es-abstract@1.24.2 want: ^1.0.7
1661 silly placeDep ROOT unbox-primitive@1.1.0 OK for: es-abstract@1.24.2 want: ^1.1.0
1662 silly placeDep ROOT which-typed-array@1.1.20 OK for: es-abstract@1.24.2 want: ^1.1.19
1663 silly fetch manifest is-array-buffer@^3.0.4
1664 silly packumentCache full:https://registry.npmjs.org/is-array-buffer cache-miss
1665 silly fetch manifest possible-typed-array-names@^1.0.0
1666 silly packumentCache full:https://registry.npmjs.org/possible-typed-array-names cache-miss
1667 silly fetch manifest is-data-view@^1.0.1
1668 silly packumentCache full:https://registry.npmjs.org/is-data-view cache-miss
1669 silly fetch manifest is-date-object@^1.0.5
1670 silly packumentCache full:https://registry.npmjs.org/is-date-object cache-miss
1671 silly fetch manifest is-symbol@^1.0.4
1672 silly packumentCache full:https://registry.npmjs.org/is-symbol cache-miss
1673 silly fetch manifest functions-have-names@^1.2.3
1674 silly packumentCache full:https://registry.npmjs.org/functions-have-names cache-miss
1675 silly fetch manifest dunder-proto@^1.0.1
1676 silly packumentCache full:https://registry.npmjs.org/dunder-proto cache-miss
1677 silly fetch manifest dunder-proto@^1.0.0
1678 silly packumentCache full:https://registry.npmjs.org/dunder-proto cache-miss
1679 silly fetch manifest side-channel@^1.1.0
1680 silly packumentCache full:https://registry.npmjs.org/side-channel cache-miss
1681 silly fetch manifest is-typed-array@^1.1.13
1682 silly packumentCache full:https://registry.npmjs.org/is-typed-array cache-miss
1683 silly fetch manifest which-typed-array@^1.1.16
1684 silly packumentCache full:https://registry.npmjs.org/which-typed-array cache-miss
1685 http cache https://registry.npmjs.org/is-array-buffer 14ms (cache hit)
1686 silly packumentCache full:https://registry.npmjs.org/is-array-buffer set size:33562 disposed:false
1687 silly fetch manifest set-function-name@^2.0.2
1688 silly packumentCache full:https://registry.npmjs.org/set-function-name cache-miss
1689 http cache https://registry.npmjs.org/is-typed-array 14ms (cache hit)
1690 silly packumentCache full:https://registry.npmjs.org/is-typed-array set size:79965 disposed:false
1691 silly fetch manifest isarray@^2.0.5
1692 silly packumentCache full:https://registry.npmjs.org/isarray cache-miss
1693 http cache https://registry.npmjs.org/is-data-view 18ms (cache hit)
1694 silly packumentCache full:https://registry.npmjs.org/is-data-view set size:13756 disposed:false
1695 silly fetch manifest isarray@^2.0.5
1696 silly packumentCache full:https://registry.npmjs.org/isarray cache-miss
1697 http cache https://registry.npmjs.org/which-typed-array 18ms (cache hit)
1698 silly packumentCache full:https://registry.npmjs.org/which-typed-array set size:93605 disposed:false
1699 silly fetch manifest dunder-proto@^1.0.1
1700 silly packumentCache full:https://registry.npmjs.org/dunder-proto cache-miss
1701 http fetch GET 200 https://registry.npmjs.org/possible-typed-array-names 84ms (cache miss)
1702 silly packumentCache full:https://registry.npmjs.org/possible-typed-array-names set size:undefined disposed:false
1703 silly fetch manifest for-each@^0.3.3
1704 silly packumentCache full:https://registry.npmjs.org/for-each cache-miss
1705 http fetch GET 200 https://registry.npmjs.org/dunder-proto 84ms (cache miss)
1706 silly packumentCache full:https://registry.npmjs.org/dunder-proto set size:undefined disposed:false
1707 silly fetch manifest for-each@^0.3.3
1708 silly packumentCache full:https://registry.npmjs.org/for-each cache-miss
1709 http fetch GET 200 https://registry.npmjs.org/side-channel 85ms (cache miss)
1710 silly packumentCache full:https://registry.npmjs.org/side-channel set size:undefined disposed:false
1711 silly fetch manifest reflect.getprototypeof@^1.0.9
1712 silly packumentCache full:https://registry.npmjs.org/reflect.getprototypeof cache-miss
1713 http fetch GET 200 https://registry.npmjs.org/dunder-proto 86ms (cache miss)
1714 silly packumentCache full:https://registry.npmjs.org/dunder-proto set size:undefined disposed:false
1715 silly fetch manifest for-each@^0.3.3
1716 silly packumentCache full:https://registry.npmjs.org/for-each cache-miss
1717 http fetch GET 200 https://registry.npmjs.org/functions-have-names 89ms (cache miss)
1718 silly packumentCache full:https://registry.npmjs.org/functions-have-names set size:undefined disposed:false
1719 silly fetch manifest reflect.getprototypeof@^1.0.6
1720 silly packumentCache full:https://registry.npmjs.org/reflect.getprototypeof cache-miss
1721 http fetch GET 200 https://registry.npmjs.org/is-symbol 89ms (cache miss)
1722 silly packumentCache full:https://registry.npmjs.org/is-symbol set size:undefined disposed:false
1723 silly fetch manifest has-bigints@^1.0.2
1724 silly packumentCache full:https://registry.npmjs.org/has-bigints cache-miss
1725 http fetch GET 200 https://registry.npmjs.org/dunder-proto 81ms (cache miss)
1726 silly packumentCache full:https://registry.npmjs.org/dunder-proto set size:undefined disposed:false
1727 silly fetch manifest which-boxed-primitive@^1.1.1
1728 silly packumentCache full:https://registry.npmjs.org/which-boxed-primitive cache-miss
1729 http fetch GET 200 https://registry.npmjs.org/isarray 89ms (cache miss)
1730 silly packumentCache full:https://registry.npmjs.org/isarray set size:undefined disposed:false
1731 silly fetch manifest for-each@^0.3.5
1732 silly packumentCache full:https://registry.npmjs.org/for-each cache-miss
1733 http fetch GET 200 https://registry.npmjs.org/isarray 90ms (cache miss)
1734 silly packumentCache full:https://registry.npmjs.org/isarray set size:undefined disposed:false
1735 http fetch GET 200 https://registry.npmjs.org/is-date-object 110ms (cache miss)
1736 silly packumentCache full:https://registry.npmjs.org/is-date-object set size:undefined disposed:false
1737 http fetch GET 200 https://registry.npmjs.org/set-function-name 99ms (cache miss)
1738 silly packumentCache full:https://registry.npmjs.org/set-function-name set size:undefined disposed:false
1739 http fetch GET 200 https://registry.npmjs.org/for-each 78ms (cache miss)
1740 silly packumentCache full:https://registry.npmjs.org/for-each set size:undefined disposed:false
1741 http fetch GET 200 https://registry.npmjs.org/for-each 101ms (cache miss)
1742 silly packumentCache full:https://registry.npmjs.org/for-each set size:undefined disposed:false
1743 http fetch GET 200 https://registry.npmjs.org/for-each 103ms (cache miss)
1744 silly packumentCache full:https://registry.npmjs.org/for-each set size:undefined disposed:false
1745 http fetch GET 200 https://registry.npmjs.org/for-each 95ms (cache miss)
1746 silly packumentCache full:https://registry.npmjs.org/for-each set size:undefined disposed:false
1747 http fetch GET 200 https://registry.npmjs.org/reflect.getprototypeof 114ms (cache miss)
1748 silly packumentCache full:https://registry.npmjs.org/reflect.getprototypeof set size:undefined disposed:false
1749 http fetch GET 200 https://registry.npmjs.org/which-boxed-primitive 101ms (cache miss)
1750 silly packumentCache full:https://registry.npmjs.org/which-boxed-primitive set size:undefined disposed:false
1751 http fetch GET 200 https://registry.npmjs.org/reflect.getprototypeof 119ms (cache miss)
1752 silly packumentCache full:https://registry.npmjs.org/reflect.getprototypeof set size:undefined disposed:false
1753 http fetch GET 200 https://registry.npmjs.org/has-bigints 116ms (cache miss)
1754 silly packumentCache full:https://registry.npmjs.org/has-bigints set size:undefined disposed:false
1755 silly placeDep ROOT possible-typed-array-names@1.1.0 OK for: available-typed-arrays@1.0.7 want: ^1.0.0
1756 silly placeDep ROOT has-tostringtag@1.0.2 OK for: es-set-tostringtag@2.1.0 want: ^1.0.2
1757 silly placeDep ROOT is-date-object@1.1.0 OK for: es-to-primitive@1.3.0 want: ^1.0.5
1758 silly placeDep ROOT is-symbol@1.1.1 OK for: es-to-primitive@1.3.0 want: ^1.0.4
1759 silly placeDep node_modules/eslint-module-utils debug@3.2.7 OK for: eslint-module-utils@2.12.1 want: ^3.2.7
1760 silly placeDep ROOT aria-query@5.3.2 OK for: eslint-plugin-jsx-a11y@6.10.2 want: ^5.3.2
1761 silly placeDep ROOT ast-types-flow@0.0.8 OK for: eslint-plugin-jsx-a11y@6.10.2 want: ^0.0.8
1762 silly placeDep ROOT axe-core@4.11.4 OK for: eslint-plugin-jsx-a11y@6.10.2 want: ^4.10.0
1763 silly placeDep ROOT axobject-query@4.1.0 OK for: eslint-plugin-jsx-a11y@6.10.2 want: ^4.1.0
1764 silly placeDep ROOT damerau-levenshtein@1.0.8 OK for: eslint-plugin-jsx-a11y@6.10.2 want: ^1.0.8
1765 silly placeDep ROOT emoji-regex@9.2.2 OK for: eslint-plugin-jsx-a11y@6.10.2 want: ^9.2.2
1766 silly placeDep ROOT jsx-ast-utils@3.3.5 OK for: eslint-plugin-jsx-a11y@6.10.2 want: ^3.3.5
1767 silly placeDep ROOT language-tags@1.0.9 OK for: eslint-plugin-jsx-a11y@6.10.2 want: ^1.0.9
1768 silly placeDep ROOT string.prototype.includes@2.0.1 OK for: eslint-plugin-jsx-a11y@6.10.2 want: ^2.0.1
1769 silly fetch manifest language-subtag-registry@^0.3.20
1770 silly packumentCache full:https://registry.npmjs.org/language-subtag-registry cache-miss
1771 http fetch GET 200 https://registry.npmjs.org/language-subtag-registry 345ms (cache miss)
1772 silly packumentCache full:https://registry.npmjs.org/language-subtag-registry set size:undefined disposed:false
1773 silly placeDep ROOT array.prototype.findlast@1.2.5 OK for: eslint-plugin-react@7.37.5 want: ^1.2.5
1774 silly placeDep ROOT array.prototype.tosorted@1.1.4 OK for: eslint-plugin-react@7.37.5 want: ^1.1.4
1775 silly placeDep ROOT es-iterator-helpers@1.3.2 OK for: eslint-plugin-react@7.37.5 want: ^1.2.1
1776 silly placeDep ROOT estraverse@5.3.0 OK for: eslint-plugin-react@7.37.5 want: ^5.3.0
1777 silly placeDep ROOT object.entries@1.1.9 OK for: eslint-plugin-react@7.37.5 want: ^1.1.9
1778 silly placeDep ROOT prop-types@15.8.1 OK for: eslint-plugin-react@7.37.5 want: ^15.8.1
1779 silly placeDep node_modules/eslint-plugin-react semver@6.3.1 OK for: eslint-plugin-react@7.37.5 want: ^6.3.1
1780 silly placeDep ROOT string.prototype.matchall@4.0.12 OK for: eslint-plugin-react@7.37.5 want: ^4.0.12
1781 silly placeDep ROOT string.prototype.repeat@1.0.0 OK for: eslint-plugin-react@7.37.5 want: ^1.0.0
1782 silly fetch manifest iterator.prototype@^1.1.5
1783 silly packumentCache full:https://registry.npmjs.org/iterator.prototype cache-miss
1784 silly fetch manifest loose-envify@^1.4.0
1785 silly packumentCache full:https://registry.npmjs.org/loose-envify cache-miss
1786 silly fetch manifest object-assign@^4.1.1
1787 silly packumentCache full:https://registry.npmjs.org/object-assign cache-miss
1788 silly fetch manifest react-is@^16.13.1
1789 silly packumentCache full:https://registry.npmjs.org/react-is cache-miss
1790 http fetch GET 200 https://registry.npmjs.org/object-assign 94ms (cache miss)
1791 silly packumentCache full:https://registry.npmjs.org/object-assign set size:undefined disposed:false
1792 http fetch GET 200 https://registry.npmjs.org/loose-envify 99ms (cache miss)
1793 silly packumentCache full:https://registry.npmjs.org/loose-envify set size:undefined disposed:false
1794 http fetch GET 200 https://registry.npmjs.org/react-is 321ms (cache miss)
1795 silly packumentCache full:https://registry.npmjs.org/react-is set size:undefined disposed:false
1796 http fetch GET 200 https://registry.npmjs.org/iterator.prototype 361ms (cache miss)
1797 silly packumentCache full:https://registry.npmjs.org/iterator.prototype set size:undefined disposed:false
1798 silly placeDep ROOT iterator.prototype@1.1.5 OK for: es-iterator-helpers@1.3.2 want: ^1.1.5
1799 silly placeDep ROOT esrecurse@4.3.0 OK for: eslint-scope@8.4.0 want: ^4.3.0
1800 silly placeDep ROOT acorn@8.16.0 OK for: espree@10.4.0 want: ^8.15.0
1801 silly placeDep ROOT acorn-jsx@5.3.2 OK for: espree@10.4.0 want: ^5.3.2
1802 silly placeDep ROOT @nodelib/fs.stat@2.0.5 OK for: fast-glob@3.3.1 want: ^2.0.2
1803 silly placeDep ROOT @nodelib/fs.walk@1.2.8 OK for: fast-glob@3.3.1 want: ^1.2.3
1804 silly placeDep node_modules/fast-glob glob-parent@5.1.2 OK for: fast-glob@3.3.1 want: ^5.1.2
1805 silly placeDep ROOT merge2@1.4.1 OK for: fast-glob@3.3.1 want: ^1.3.0
1806 silly placeDep ROOT micromatch@4.0.8 OK for: fast-glob@3.3.1 want: ^4.0.4
1807 silly fetch manifest fastq@^1.6.0
1808 silly packumentCache full:https://registry.npmjs.org/fastq cache-miss
1809 silly fetch manifest @nodelib/fs.scandir@2.1.5
1810 silly packumentCache full:https://registry.npmjs.org/@nodelib%2ffs.scandir cache-miss
1811 silly fetch manifest braces@^3.0.3
1812 silly packumentCache full:https://registry.npmjs.org/braces cache-miss
1813 silly fetch manifest picomatch@^2.3.1
1814 silly packumentCache full:https://registry.npmjs.org/picomatch cache-miss
1815 http cache https://registry.npmjs.org/picomatch 15ms (cache hit)
1816 silly packumentCache full:https://registry.npmjs.org/picomatch set size:126376 disposed:false
1817 http fetch GET 200 https://registry.npmjs.org/@nodelib%2ffs.scandir 102ms (cache miss)
1818 silly packumentCache full:https://registry.npmjs.org/@nodelib%2ffs.scandir set size:undefined disposed:false
1819 http fetch GET 200 https://registry.npmjs.org/braces 103ms (cache miss)
1820 silly packumentCache full:https://registry.npmjs.org/braces set size:undefined disposed:false
1821 http fetch GET 200 https://registry.npmjs.org/fastq 109ms (cache miss)
1822 silly packumentCache full:https://registry.npmjs.org/fastq set size:undefined disposed:false
1823 silly placeDep ROOT @nodelib/fs.scandir@2.1.5 OK for: @nodelib/fs.walk@1.2.8 want: 2.1.5
1824 silly placeDep ROOT fastq@1.20.1 OK for: @nodelib/fs.walk@1.2.8 want: ^1.6.0
1825 silly fetch manifest run-parallel@^1.1.9
1826 silly packumentCache full:https://registry.npmjs.org/run-parallel cache-miss
1827 silly fetch manifest reusify@^1.0.4
1828 silly packumentCache full:https://registry.npmjs.org/reusify cache-miss
1829 http fetch GET 200 https://registry.npmjs.org/reusify 103ms (cache miss)
1830 silly packumentCache full:https://registry.npmjs.org/reusify set size:undefined disposed:false
1831 http fetch GET 200 https://registry.npmjs.org/run-parallel 105ms (cache miss)
1832 silly packumentCache full:https://registry.npmjs.org/run-parallel set size:undefined disposed:false
1833 silly placeDep ROOT run-parallel@1.2.0 OK for: @nodelib/fs.scandir@2.1.5 want: ^1.1.9
1834 silly fetch manifest queue-microtask@^1.2.2
1835 silly packumentCache full:https://registry.npmjs.org/queue-microtask cache-miss
1836 http fetch GET 200 https://registry.npmjs.org/queue-microtask 108ms (cache miss)
1837 silly packumentCache full:https://registry.npmjs.org/queue-microtask set size:undefined disposed:false
1838 silly placeDep ROOT reusify@1.1.0 OK for: fastq@1.20.1 want: ^1.0.4
1839 silly placeDep ROOT flat-cache@4.0.1 OK for: file-entry-cache@8.0.0 want: ^4.0.0
1840 silly fetch manifest keyv@^4.5.4
1841 silly packumentCache full:https://registry.npmjs.org/keyv cache-miss
1842 silly fetch manifest flatted@^3.2.9
1843 silly packumentCache full:https://registry.npmjs.org/flatted cache-miss
1844 http fetch GET 200 https://registry.npmjs.org/flatted 98ms (cache miss)
1845 silly packumentCache full:https://registry.npmjs.org/flatted set size:undefined disposed:false
1846 http fetch GET 200 https://registry.npmjs.org/keyv 131ms (cache miss)
1847 silly packumentCache full:https://registry.npmjs.org/keyv set size:undefined disposed:false
1848 silly placeDep ROOT locate-path@6.0.0 OK for: find-up@5.0.0 want: ^6.0.0
1849 silly placeDep ROOT path-exists@4.0.0 OK for: find-up@5.0.0 want: ^4.0.0
1850 silly fetch manifest p-locate@^5.0.0
1851 silly packumentCache full:https://registry.npmjs.org/p-locate cache-miss
1852 http fetch GET 200 https://registry.npmjs.org/p-locate 108ms (cache miss)
1853 silly packumentCache full:https://registry.npmjs.org/p-locate set size:undefined disposed:false
1854 silly placeDep ROOT flatted@3.4.2 OK for: flat-cache@4.0.1 want: ^3.2.9
1855 silly placeDep ROOT keyv@4.5.4 OK for: flat-cache@4.0.1 want: ^4.5.4
1856 silly fetch manifest json-buffer@3.0.1
1857 silly packumentCache full:https://registry.npmjs.org/json-buffer cache-miss
1858 http fetch GET 200 https://registry.npmjs.org/json-buffer 75ms (cache miss)
1859 silly packumentCache full:https://registry.npmjs.org/json-buffer set size:undefined disposed:false
1860 silly placeDep ROOT functions-have-names@1.2.3 OK for: function.prototype.name@1.1.8 want: ^1.2.3
1861 silly placeDep ROOT dunder-proto@1.0.1 OK for: get-proto@1.0.1 want: ^1.0.1
1862 silly placeDep ROOT resolve-pkg-maps@1.0.0 OK for: get-tsconfig@4.14.0 want: ^1.0.0
1863 silly placeDep ROOT parent-module@1.0.1 OK for: import-fresh@3.3.1 want: ^1.0.0
1864 silly placeDep ROOT resolve-from@4.0.0 OK for: import-fresh@3.3.1 want: ^4.0.0
1865 silly fetch manifest callsites@^3.0.0
1866 silly packumentCache full:https://registry.npmjs.org/callsites cache-miss
1867 http fetch GET 200 https://registry.npmjs.org/callsites 103ms (cache miss)
1868 silly packumentCache full:https://registry.npmjs.org/callsites set size:undefined disposed:false
1869 silly placeDep ROOT side-channel@1.1.0 OK for: internal-slot@1.1.0 want: ^1.1.0
1870 silly fetch manifest side-channel-list@^1.0.0
1871 silly packumentCache full:https://registry.npmjs.org/side-channel-list cache-miss
1872 silly fetch manifest side-channel-map@^1.0.1
1873 silly packumentCache full:https://registry.npmjs.org/side-channel-map cache-miss
1874 silly fetch manifest side-channel-weakmap@^1.0.2
1875 silly packumentCache full:https://registry.npmjs.org/side-channel-weakmap cache-miss
1876 http fetch GET 200 https://registry.npmjs.org/side-channel-map 87ms (cache miss)
1877 silly packumentCache full:https://registry.npmjs.org/side-channel-map set size:undefined disposed:false
1878 http fetch GET 200 https://registry.npmjs.org/side-channel-weakmap 89ms (cache miss)
1879 silly packumentCache full:https://registry.npmjs.org/side-channel-weakmap set size:undefined disposed:false
1880 http fetch GET 200 https://registry.npmjs.org/side-channel-list 94ms (cache miss)
1881 silly packumentCache full:https://registry.npmjs.org/side-channel-list set size:undefined disposed:false
1882 silly placeDep ROOT is-extglob@2.1.1 OK for: is-glob@4.0.3 want: ^2.1.1
1883 silly placeDep ROOT set-function-name@2.0.2 OK for: iterator.prototype@1.1.5 want: ^2.0.2
1884 silly placeDep ROOT argparse@2.0.1 OK for: js-yaml@4.1.1 want: ^2.0.1
1885 silly placeDep ROOT json-buffer@3.0.1 OK for: keyv@4.5.4 want: 3.0.1
1886 silly placeDep ROOT language-subtag-registry@0.3.23 OK for: language-tags@1.0.9 want: ^0.3.20
1887 silly placeDep ROOT prelude-ls@1.2.1 OK for: levn@0.4.1 want: ^1.2.1
1888 silly placeDep ROOT type-check@0.4.0 OK for: levn@0.4.1 want: ~0.4.0
1889 silly placeDep ROOT detect-libc@2.1.2 OK for: lightningcss@1.32.0 want: ^2.0.3
1890 silly placeDep ROOT lightningcss-android-arm64@1.32.0 OK for: lightningcss@1.32.0 want: 1.32.0
1891 silly placeDep ROOT lightningcss-darwin-arm64@1.32.0 OK for: lightningcss@1.32.0 want: 1.32.0
1892 silly placeDep ROOT lightningcss-darwin-x64@1.32.0 OK for: lightningcss@1.32.0 want: 1.32.0
1893 silly placeDep ROOT lightningcss-freebsd-x64@1.32.0 OK for: lightningcss@1.32.0 want: 1.32.0
1894 silly placeDep ROOT lightningcss-linux-arm-gnueabihf@1.32.0 OK for: lightningcss@1.32.0 want: 1.32.0
1895 silly placeDep ROOT lightningcss-linux-arm64-gnu@1.32.0 OK for: lightningcss@1.32.0 want: 1.32.0
1896 silly placeDep ROOT lightningcss-linux-arm64-musl@1.32.0 OK for: lightningcss@1.32.0 want: 1.32.0
1897 silly placeDep ROOT lightningcss-linux-x64-gnu@1.32.0 OK for: lightningcss@1.32.0 want: 1.32.0
1898 silly placeDep ROOT lightningcss-linux-x64-musl@1.32.0 OK for: lightningcss@1.32.0 want: 1.32.0
1899 silly placeDep ROOT lightningcss-win32-arm64-msvc@1.32.0 OK for: lightningcss@1.32.0 want: 1.32.0
1900 silly placeDep ROOT lightningcss-win32-x64-msvc@1.32.0 OK for: lightningcss@1.32.0 want: 1.32.0
1901 silly placeDep ROOT p-locate@5.0.0 OK for: locate-path@6.0.0 want: ^5.0.0
1902 silly fetch manifest p-limit@^3.0.2
1903 silly packumentCache full:https://registry.npmjs.org/p-limit cache-miss
1904 http fetch GET 200 https://registry.npmjs.org/p-limit 100ms (cache miss)
1905 silly packumentCache full:https://registry.npmjs.org/p-limit set size:undefined disposed:false
1906 silly placeDep ROOT braces@3.0.3 OK for: micromatch@4.0.8 want: ^3.0.3
1907 silly placeDep ROOT picomatch@2.3.2 OK for: micromatch@4.0.8 want: ^2.3.1
1908 silly fetch manifest fill-range@^7.1.1
1909 silly packumentCache full:https://registry.npmjs.org/fill-range cache-miss
1910 http fetch GET 200 https://registry.npmjs.org/fill-range 102ms (cache miss)
1911 silly packumentCache full:https://registry.npmjs.org/fill-range set size:undefined disposed:false
1912 silly placeDep ROOT fill-range@7.1.1 OK for: braces@3.0.3 want: ^7.1.1
1913 silly fetch manifest to-regex-range@^5.0.1
1914 silly packumentCache full:https://registry.npmjs.org/to-regex-range cache-miss
1915 http fetch GET 200 https://registry.npmjs.org/to-regex-range 89ms (cache miss)
1916 silly packumentCache full:https://registry.npmjs.org/to-regex-range set size:undefined disposed:false
1917 silly placeDep ROOT to-regex-range@5.0.1 OK for: fill-range@7.1.1 want: ^5.0.1
1918 silly fetch manifest is-number@^7.0.0
1919 silly packumentCache full:https://registry.npmjs.org/is-number cache-miss
1920 http fetch GET 200 https://registry.npmjs.org/is-number 88ms (cache miss)
1921 silly packumentCache full:https://registry.npmjs.org/is-number set size:undefined disposed:false
1922 silly placeDep ROOT brace-expansion@1.1.14 OK for: minimatch@3.1.5 want: ^1.1.7
1923 silly fetch manifest concat-map@0.0.1
1924 silly packumentCache full:https://registry.npmjs.org/concat-map cache-miss
1925 silly fetch manifest balanced-match@^1.0.0
1926 silly packumentCache full:https://registry.npmjs.org/balanced-match cache-miss
1927 http fetch GET 200 https://registry.npmjs.org/concat-map 82ms (cache miss)
1928 silly packumentCache full:https://registry.npmjs.org/concat-map set size:undefined disposed:false
1929 http fetch GET 200 https://registry.npmjs.org/balanced-match 117ms (cache miss)
1930 silly packumentCache full:https://registry.npmjs.org/balanced-match set size:undefined disposed:false
1931 silly placeDep ROOT balanced-match@1.0.2 OK for: brace-expansion@1.1.14 want: ^1.0.0
1932 silly placeDep ROOT concat-map@0.0.1 OK for: brace-expansion@1.1.14 want: 0.0.1
1933 silly fetch manifest react@^18.2.0 || 19.0.0-rc-de68d2f4-20241204 || ^19.0.0
1934 silly packumentCache full:https://registry.npmjs.org/react cache-miss
1935 http cache https://registry.npmjs.org/react 23ms (cache hit)
1936 silly packumentCache full:https://registry.npmjs.org/react set size:6650647 disposed:false
1937 silly placeDep ROOT @next/env@15.3.3 OK for: next@15.3.3 want: 15.3.3
1938 silly placeDep ROOT @next/swc-darwin-arm64@15.3.3 OK for: next@15.3.3 want: 15.3.3
1939 silly placeDep ROOT @next/swc-darwin-x64@15.3.3 OK for: next@15.3.3 want: 15.3.3
1940 silly placeDep ROOT @next/swc-linux-arm64-gnu@15.3.3 OK for: next@15.3.3 want: 15.3.3
1941 silly placeDep ROOT @next/swc-linux-arm64-musl@15.3.3 OK for: next@15.3.3 want: 15.3.3
1942 silly placeDep ROOT @next/swc-linux-x64-gnu@15.3.3 OK for: next@15.3.3 want: 15.3.3
1943 silly placeDep ROOT @next/swc-linux-x64-musl@15.3.3 OK for: next@15.3.3 want: 15.3.3
1944 silly placeDep ROOT @next/swc-win32-arm64-msvc@15.3.3 OK for: next@15.3.3 want: 15.3.3
1945 silly placeDep ROOT @next/swc-win32-x64-msvc@15.3.3 OK for: next@15.3.3 want: 15.3.3
1946 silly placeDep ROOT @swc/counter@0.1.3 OK for: next@15.3.3 want: 0.1.3
1947 silly placeDep ROOT @swc/helpers@0.5.15 OK for: next@15.3.3 want: 0.5.15
1948 silly placeDep ROOT busboy@1.6.0 OK for: next@15.3.3 want: 1.6.0
1949 silly placeDep ROOT caniuse-lite@1.0.30001792 OK for: next@15.3.3 want: ^1.0.30001579
1950 silly placeDep node_modules/next postcss@8.4.31 OK for: next@15.3.3 want: 8.4.31
1951 silly placeDep ROOT sharp@0.34.5 OK for: next@15.3.3 want: ^0.34.1
1952 silly placeDep ROOT styled-jsx@5.1.6 OK for: next@15.3.3 want: 5.1.6
1953 silly fetch manifest tslib@^2.8.0
1954 silly packumentCache full:https://registry.npmjs.org/tslib cache-miss
1955 silly fetch manifest streamsearch@^1.1.0
1956 silly packumentCache full:https://registry.npmjs.org/streamsearch cache-miss
1957 silly fetch manifest nanoid@^3.3.6
1958 silly packumentCache full:https://registry.npmjs.org/nanoid cache-miss
1959 silly fetch manifest picocolors@^1.0.0
1960 silly packumentCache full:https://registry.npmjs.org/picocolors cache-miss
1961 silly fetch manifest @img/colour@^1.0.0
1962 silly packumentCache full:https://registry.npmjs.org/@img%2fcolour cache-miss
1963 silly fetch manifest @img/sharp-wasm32@0.34.5
1964 silly packumentCache full:https://registry.npmjs.org/@img%2fsharp-wasm32 cache-miss
1965 silly fetch manifest @img/sharp-linux-arm@0.34.5
1966 silly packumentCache full:https://registry.npmjs.org/@img%2fsharp-linux-arm cache-miss
1967 silly fetch manifest @img/sharp-linux-x64@0.34.5
1968 silly packumentCache full:https://registry.npmjs.org/@img%2fsharp-linux-x64 cache-miss
1969 silly fetch manifest @img/sharp-win32-x64@0.34.5
1970 silly packumentCache full:https://registry.npmjs.org/@img%2fsharp-win32-x64 cache-miss
1971 silly fetch manifest @img/sharp-darwin-x64@0.34.5
1972 silly packumentCache full:https://registry.npmjs.org/@img%2fsharp-darwin-x64 cache-miss
1973 silly fetch manifest @img/sharp-win32-ia32@0.34.5
1974 silly packumentCache full:https://registry.npmjs.org/@img%2fsharp-win32-ia32 cache-miss
1975 http cache https://registry.npmjs.org/picocolors 14ms (cache hit)
1976 silly packumentCache full:https://registry.npmjs.org/picocolors set size:16648 disposed:false
1977 silly fetch manifest @img/sharp-linux-arm64@0.34.5
1978 silly packumentCache full:https://registry.npmjs.org/@img%2fsharp-linux-arm64 cache-miss
1979 http cache https://registry.npmjs.org/nanoid 22ms (cache hit)
1980 silly packumentCache full:https://registry.npmjs.org/nanoid set size:310559 disposed:false
1981 silly fetch manifest @img/sharp-linux-ppc64@0.34.5
1982 silly packumentCache full:https://registry.npmjs.org/@img%2fsharp-linux-ppc64 cache-miss
1983 http fetch GET 200 https://registry.npmjs.org/streamsearch 77ms (cache miss)
1984 silly packumentCache full:https://registry.npmjs.org/streamsearch set size:undefined disposed:false
1985 silly fetch manifest @img/sharp-linux-s390x@0.34.5
1986 silly packumentCache full:https://registry.npmjs.org/@img%2fsharp-linux-s390x cache-miss
1987 http fetch GET 200 https://registry.npmjs.org/@img%2fcolour 100ms (cache miss)
1988 silly packumentCache full:https://registry.npmjs.org/@img%2fcolour set size:undefined disposed:false
1989 silly fetch manifest @img/sharp-win32-arm64@0.34.5
1990 silly packumentCache full:https://registry.npmjs.org/@img%2fsharp-win32-arm64 cache-miss
1991 http fetch GET 200 https://registry.npmjs.org/@img%2fsharp-wasm32 102ms (cache miss)
1992 silly packumentCache full:https://registry.npmjs.org/@img%2fsharp-wasm32 set size:undefined disposed:false
1993 silly fetch manifest @img/sharp-darwin-arm64@0.34.5
1994 silly packumentCache full:https://registry.npmjs.org/@img%2fsharp-darwin-arm64 cache-miss
1995 http fetch GET 200 https://registry.npmjs.org/@img%2fsharp-linux-x64 106ms (cache miss)
1996 silly packumentCache full:https://registry.npmjs.org/@img%2fsharp-linux-x64 set size:undefined disposed:false
1997 silly fetch manifest @img/sharp-linux-riscv64@0.34.5
1998 silly packumentCache full:https://registry.npmjs.org/@img%2fsharp-linux-riscv64 cache-miss
1999 http fetch GET 200 https://registry.npmjs.org/@img%2fsharp-darwin-x64 115ms (cache miss)
2000 silly packumentCache full:https://registry.npmjs.org/@img%2fsharp-darwin-x64 set size:undefined disposed:false
2001 silly fetch manifest @img/sharp-linuxmusl-x64@0.34.5
2002 silly packumentCache full:https://registry.npmjs.org/@img%2fsharp-linuxmusl-x64 cache-miss
2003 http fetch GET 200 https://registry.npmjs.org/tslib 218ms (cache miss)
2004 silly packumentCache full:https://registry.npmjs.org/tslib set size:undefined disposed:false
2005 silly fetch manifest @img/sharp-linuxmusl-arm64@0.34.5
2006 silly packumentCache full:https://registry.npmjs.org/@img%2fsharp-linuxmusl-arm64 cache-miss
2007 http fetch GET 200 https://registry.npmjs.org/@img%2fsharp-linux-arm64 283ms (cache miss)
2008 silly packumentCache full:https://registry.npmjs.org/@img%2fsharp-linux-arm64 set size:undefined disposed:false
2009 silly fetch manifest @img/sharp-libvips-linux-arm@1.2.4
2010 silly packumentCache full:https://registry.npmjs.org/@img%2fsharp-libvips-linux-arm cache-miss
2011 http fetch GET 200 https://registry.npmjs.org/@img%2fsharp-win32-x64 322ms (cache miss)
2012 silly packumentCache full:https://registry.npmjs.org/@img%2fsharp-win32-x64 set size:undefined disposed:false
2013 silly fetch manifest @img/sharp-libvips-linux-x64@1.2.4
2014 silly packumentCache full:https://registry.npmjs.org/@img%2fsharp-libvips-linux-x64 cache-miss
2015 http fetch GET 200 https://registry.npmjs.org/@img%2fsharp-linux-arm 324ms (cache miss)
2016 silly packumentCache full:https://registry.npmjs.org/@img%2fsharp-linux-arm set size:undefined disposed:false
2017 silly fetch manifest @img/sharp-libvips-darwin-x64@1.2.4
2018 silly packumentCache full:https://registry.npmjs.org/@img%2fsharp-libvips-darwin-x64 cache-miss
2019 http fetch GET 200 https://registry.npmjs.org/@img%2fsharp-win32-ia32 351ms (cache miss)
2020 silly packumentCache full:https://registry.npmjs.org/@img%2fsharp-win32-ia32 set size:undefined disposed:false
2021 silly fetch manifest @img/sharp-libvips-linux-arm64@1.2.4
2022 silly packumentCache full:https://registry.npmjs.org/@img%2fsharp-libvips-linux-arm64 cache-miss
2023 http fetch GET 200 https://registry.npmjs.org/@img%2fsharp-linux-riscv64 261ms (cache miss)
2024 silly packumentCache full:https://registry.npmjs.org/@img%2fsharp-linux-riscv64 set size:undefined disposed:false
2025 silly fetch manifest @img/sharp-libvips-linux-ppc64@1.2.4
2026 silly packumentCache full:https://registry.npmjs.org/@img%2fsharp-libvips-linux-ppc64 cache-miss
2027 http fetch GET 200 https://registry.npmjs.org/@img%2fsharp-darwin-arm64 293ms (cache miss)
2028 silly packumentCache full:https://registry.npmjs.org/@img%2fsharp-darwin-arm64 set size:undefined disposed:false
2029 silly fetch manifest @img/sharp-libvips-linux-s390x@1.2.4
2030 silly packumentCache full:https://registry.npmjs.org/@img%2fsharp-libvips-linux-s390x cache-miss
2031 http fetch GET 200 https://registry.npmjs.org/@img%2fsharp-linux-s390x 327ms (cache miss)
2032 silly packumentCache full:https://registry.npmjs.org/@img%2fsharp-linux-s390x set size:undefined disposed:false
2033 silly fetch manifest @img/sharp-libvips-darwin-arm64@1.2.4
2034 silly packumentCache full:https://registry.npmjs.org/@img%2fsharp-libvips-darwin-arm64 cache-miss
2035 http fetch GET 200 https://registry.npmjs.org/@img%2fsharp-libvips-darwin-x64 81ms (cache miss)
2036 silly packumentCache full:https://registry.npmjs.org/@img%2fsharp-libvips-darwin-x64 set size:undefined disposed:false
2037 silly fetch manifest @img/sharp-libvips-linux-riscv64@1.2.4
2038 silly packumentCache full:https://registry.npmjs.org/@img%2fsharp-libvips-linux-riscv64 cache-miss
2039 http fetch GET 200 https://registry.npmjs.org/@img%2fsharp-libvips-linux-x64 94ms (cache miss)
2040 silly packumentCache full:https://registry.npmjs.org/@img%2fsharp-libvips-linux-x64 set size:undefined disposed:false
2041 silly fetch manifest @img/sharp-libvips-linuxmusl-x64@1.2.4
2042 silly packumentCache full:https://registry.npmjs.org/@img%2fsharp-libvips-linuxmusl-x64 cache-miss
2043 http fetch GET 200 https://registry.npmjs.org/@img%2fsharp-libvips-linux-arm64 94ms (cache miss)
2044 silly packumentCache full:https://registry.npmjs.org/@img%2fsharp-libvips-linux-arm64 set size:undefined disposed:false
2045 silly fetch manifest @img/sharp-libvips-linuxmusl-arm64@1.2.4
2046 silly packumentCache full:https://registry.npmjs.org/@img%2fsharp-libvips-linuxmusl-arm64 cache-miss
2047 http fetch GET 200 https://registry.npmjs.org/@img%2fsharp-libvips-linux-ppc64 104ms (cache miss)
2048 silly packumentCache full:https://registry.npmjs.org/@img%2fsharp-libvips-linux-ppc64 set size:undefined disposed:false
2049 silly fetch manifest client-only@0.0.1
2050 silly packumentCache full:https://registry.npmjs.org/client-only cache-miss
2051 http fetch GET 200 https://registry.npmjs.org/@img%2fsharp-linuxmusl-x64 369ms (cache miss)
2052 silly packumentCache full:https://registry.npmjs.org/@img%2fsharp-linuxmusl-x64 set size:undefined disposed:false
2053 http fetch GET 200 https://registry.npmjs.org/@img%2fsharp-libvips-linux-s390x 90ms (cache miss)
2054 silly packumentCache full:https://registry.npmjs.org/@img%2fsharp-libvips-linux-s390x set size:undefined disposed:false
2055 http fetch GET 200 https://registry.npmjs.org/@img%2fsharp-libvips-linux-riscv64 90ms (cache miss)
2056 silly packumentCache full:https://registry.npmjs.org/@img%2fsharp-libvips-linux-riscv64 set size:undefined disposed:false
2057 http fetch GET 200 https://registry.npmjs.org/@img%2fsharp-libvips-darwin-arm64 94ms (cache miss)
2058 silly packumentCache full:https://registry.npmjs.org/@img%2fsharp-libvips-darwin-arm64 set size:undefined disposed:false
2059 http fetch GET 200 https://registry.npmjs.org/@img%2fsharp-linuxmusl-arm64 308ms (cache miss)
2060 silly packumentCache full:https://registry.npmjs.org/@img%2fsharp-linuxmusl-arm64 set size:undefined disposed:false
2061 http fetch GET 200 https://registry.npmjs.org/client-only 63ms (cache miss)
2062 silly packumentCache full:https://registry.npmjs.org/client-only set size:undefined disposed:false
2063 http fetch GET 200 https://registry.npmjs.org/@img%2fsharp-libvips-linux-arm 315ms (cache miss)
2064 silly packumentCache full:https://registry.npmjs.org/@img%2fsharp-libvips-linux-arm set size:undefined disposed:false
2065 http fetch GET 200 https://registry.npmjs.org/@img%2fsharp-linux-ppc64 626ms (cache miss)
2066 silly packumentCache full:https://registry.npmjs.org/@img%2fsharp-linux-ppc64 set size:undefined disposed:false
2067 http fetch GET 200 https://registry.npmjs.org/@img%2fsharp-win32-arm64 569ms (cache miss)
2068 silly packumentCache full:https://registry.npmjs.org/@img%2fsharp-win32-arm64 set size:undefined disposed:false
2069 http fetch GET 200 https://registry.npmjs.org/@img%2fsharp-libvips-linuxmusl-x64 276ms (cache miss)
2070 silly packumentCache full:https://registry.npmjs.org/@img%2fsharp-libvips-linuxmusl-x64 set size:undefined disposed:false
2071 http fetch GET 200 https://registry.npmjs.org/@img%2fsharp-libvips-linuxmusl-arm64 328ms (cache miss)
2072 silly packumentCache full:https://registry.npmjs.org/@img%2fsharp-libvips-linuxmusl-arm64 set size:undefined disposed:false
2073 silly placeDep ROOT tslib@2.8.1 OK for: @swc/helpers@0.5.15 want: ^2.8.0
2074 silly placeDep ROOT streamsearch@1.1.0 OK for: busboy@1.6.0 want: ^1.1.0
2075 silly placeDep ROOT deep-is@0.1.4 OK for: optionator@0.9.4 want: ^0.1.3
2076 silly placeDep ROOT fast-levenshtein@2.0.6 OK for: optionator@0.9.4 want: ^2.0.6
2077 silly placeDep ROOT word-wrap@1.2.5 OK for: optionator@0.9.4 want: ^1.2.5
2078 silly placeDep ROOT p-limit@3.1.0 OK for: p-locate@5.0.0 want: ^3.0.2
2079 silly fetch manifest yocto-queue@^0.1.0
2080 silly packumentCache full:https://registry.npmjs.org/yocto-queue cache-miss
2081 http fetch GET 200 https://registry.npmjs.org/yocto-queue 67ms (cache miss)
2082 silly packumentCache full:https://registry.npmjs.org/yocto-queue set size:undefined disposed:false
2083 silly placeDep ROOT yocto-queue@0.1.0 OK for: p-limit@3.1.0 want: ^0.1.0
2084 silly placeDep ROOT callsites@3.1.0 OK for: parent-module@1.0.1 want: ^3.0.0
2085 silly placeDep ROOT nanoid@3.3.12 OK for: postcss@8.5.14 want: ^3.3.11
2086 silly placeDep ROOT picocolors@1.1.1 OK for: postcss@8.5.14 want: ^1.1.1
2087 silly placeDep ROOT loose-envify@1.4.0 OK for: prop-types@15.8.1 want: ^1.4.0
2088 silly placeDep ROOT object-assign@4.1.1 OK for: prop-types@15.8.1 want: ^4.1.1
2089 silly placeDep ROOT react-is@16.13.1 OK for: prop-types@15.8.1 want: ^16.13.1
2090 silly fetch manifest js-tokens@^3.0.0 || ^4.0.0
2091 silly packumentCache full:https://registry.npmjs.org/js-tokens cache-miss
2092 http fetch GET 200 https://registry.npmjs.org/js-tokens 85ms (cache miss)
2093 silly packumentCache full:https://registry.npmjs.org/js-tokens set size:undefined disposed:false
2094 silly placeDep ROOT js-tokens@4.0.0 OK for: loose-envify@1.4.0 want: ^3.0.0 || ^4.0.0
2095 silly placeDep ROOT scheduler@0.27.0 OK for: react-dom@19.2.6 want: ^0.27.0
2096 silly placeDep ROOT node-exports-info@1.6.0 OK for: resolve@2.0.0-next.6 want: ^1.6.0
2097 silly placeDep ROOT path-parse@1.0.7 OK for: resolve@2.0.0-next.6 want: ^1.0.7
2098 silly placeDep ROOT supports-preserve-symlinks-flag@1.0.0 OK for: resolve@2.0.0-next.6 want: ^1.0.0
2099 silly placeDep node_modules/node-exports-info semver@6.3.1 OK for: node-exports-info@1.6.0 want: ^6.3.1
2100 silly placeDep ROOT queue-microtask@1.2.3 OK for: run-parallel@1.2.0 want: ^1.2.2
2101 silly placeDep ROOT isarray@2.0.5 OK for: safe-array-concat@1.1.4 want: ^2.0.5
2102 silly placeDep ROOT @img/colour@1.1.0 OK for: sharp@0.34.5 want: ^1.0.0
2103 silly placeDep ROOT @img/sharp-darwin-arm64@0.34.5 OK for: sharp@0.34.5 want: 0.34.5
2104 silly placeDep ROOT @img/sharp-darwin-x64@0.34.5 OK for: sharp@0.34.5 want: 0.34.5
2105 silly placeDep ROOT @img/sharp-libvips-darwin-arm64@1.2.4 OK for: sharp@0.34.5 want: 1.2.4
2106 silly placeDep ROOT @img/sharp-libvips-darwin-x64@1.2.4 OK for: sharp@0.34.5 want: 1.2.4
2107 silly placeDep ROOT @img/sharp-libvips-linux-arm@1.2.4 OK for: sharp@0.34.5 want: 1.2.4
2108 silly placeDep ROOT @img/sharp-libvips-linux-arm64@1.2.4 OK for: sharp@0.34.5 want: 1.2.4
2109 silly placeDep ROOT @img/sharp-libvips-linux-ppc64@1.2.4 OK for: sharp@0.34.5 want: 1.2.4
2110 silly placeDep ROOT @img/sharp-libvips-linux-riscv64@1.2.4 OK for: sharp@0.34.5 want: 1.2.4
2111 silly placeDep ROOT @img/sharp-libvips-linux-s390x@1.2.4 OK for: sharp@0.34.5 want: 1.2.4
2112 silly placeDep ROOT @img/sharp-libvips-linux-x64@1.2.4 OK for: sharp@0.34.5 want: 1.2.4
2113 silly placeDep ROOT @img/sharp-libvips-linuxmusl-arm64@1.2.4 OK for: sharp@0.34.5 want: 1.2.4
2114 silly placeDep ROOT @img/sharp-libvips-linuxmusl-x64@1.2.4 OK for: sharp@0.34.5 want: 1.2.4
2115 silly placeDep ROOT @img/sharp-linux-arm@0.34.5 OK for: sharp@0.34.5 want: 0.34.5
2116 silly placeDep ROOT @img/sharp-linux-arm64@0.34.5 OK for: sharp@0.34.5 want: 0.34.5
2117 silly placeDep ROOT @img/sharp-linux-ppc64@0.34.5 OK for: sharp@0.34.5 want: 0.34.5
2118 silly placeDep ROOT @img/sharp-linux-riscv64@0.34.5 OK for: sharp@0.34.5 want: 0.34.5
2119 silly placeDep ROOT @img/sharp-linux-s390x@0.34.5 OK for: sharp@0.34.5 want: 0.34.5
2120 silly placeDep ROOT @img/sharp-linux-x64@0.34.5 OK for: sharp@0.34.5 want: 0.34.5
2121 silly placeDep ROOT @img/sharp-linuxmusl-arm64@0.34.5 OK for: sharp@0.34.5 want: 0.34.5
2122 silly placeDep ROOT @img/sharp-linuxmusl-x64@0.34.5 OK for: sharp@0.34.5 want: 0.34.5
2123 silly placeDep ROOT @img/sharp-wasm32@0.34.5 OK for: sharp@0.34.5 want: 0.34.5
2124 silly placeDep ROOT @img/sharp-win32-arm64@0.34.5 OK for: sharp@0.34.5 want: 0.34.5
2125 silly placeDep ROOT @img/sharp-win32-ia32@0.34.5 OK for: sharp@0.34.5 want: 0.34.5
2126 silly placeDep ROOT @img/sharp-win32-x64@0.34.5 OK for: sharp@0.34.5 want: 0.34.5
2127 silly fetch manifest @emnapi/runtime@^1.7.0
2128 silly packumentCache full:https://registry.npmjs.org/@emnapi%2fruntime cache-miss
2129 http fetch GET 200 https://registry.npmjs.org/@emnapi%2fruntime 97ms (cache miss)
2130 silly packumentCache full:https://registry.npmjs.org/@emnapi%2fruntime set size:undefined disposed:false
2131 silly placeDep ROOT @emnapi/runtime@1.10.0 OK for: @img/sharp-wasm32@0.34.5 want: ^1.7.0
2132 silly placeDep ROOT shebang-regex@3.0.0 OK for: shebang-command@2.0.0 want: ^3.0.0
2133 silly placeDep ROOT side-channel-list@1.0.1 OK for: side-channel@1.1.0 want: ^1.0.0
2134 silly placeDep ROOT side-channel-map@1.0.1 OK for: side-channel@1.1.0 want: ^1.0.1
2135 silly placeDep ROOT side-channel-weakmap@1.0.2 OK for: side-channel@1.1.0 want: ^1.0.2
2136 silly placeDep ROOT client-only@0.0.1 OK for: styled-jsx@5.1.6 want: 0.0.1
2137 silly placeDep ROOT has-flag@4.0.0 OK for: supports-color@7.2.0 want: ^4.0.0
2138 silly placeDep node_modules/tinyglobby fdir@6.5.0 OK for: tinyglobby@0.2.16 want: ^6.5.0
2139 silly placeDep node_modules/tinyglobby picomatch@4.0.4 OK for: fdir@6.5.0 want: ^3 || ^4
2140 silly placeDep ROOT is-number@7.0.0 OK for: to-regex-range@5.0.1 want: ^7.0.0
2141 silly placeDep ROOT @types/json5@0.0.29 OK for: tsconfig-paths@3.15.0 want: ^0.0.29
2142 silly placeDep ROOT json5@1.0.2 OK for: tsconfig-paths@3.15.0 want: ^1.0.2
2143 silly placeDep ROOT minimist@1.2.8 OK for: tsconfig-paths@3.15.0 want: ^1.2.6
2144 silly placeDep ROOT strip-bom@3.0.0 OK for: tsconfig-paths@3.15.0 want: ^3.0.0
2145 silly fetch manifest minimist@^1.2.0
2146 silly packumentCache full:https://registry.npmjs.org/minimist cache-miss
2147 http cache https://registry.npmjs.org/minimist 6ms (cache hit)
2148 silly packumentCache full:https://registry.npmjs.org/minimist set size:77063 disposed:false
2149 silly placeDep ROOT for-each@0.3.5 OK for: typed-array-byte-length@1.0.3 want: ^0.3.3
2150 silly placeDep ROOT reflect.getprototypeof@1.0.10 OK for: typed-array-byte-offset@1.0.4 want: ^1.0.9
2151 silly fetch manifest which-builtin-type@^1.2.1
2152 silly packumentCache full:https://registry.npmjs.org/which-builtin-type cache-miss
2153 http fetch GET 200 https://registry.npmjs.org/which-builtin-type 84ms (cache miss)
2154 silly packumentCache full:https://registry.npmjs.org/which-builtin-type set size:undefined disposed:false
2155 silly placeDep ROOT which-builtin-type@1.2.1 OK for: reflect.getprototypeof@1.0.10 want: ^1.2.1
2156 silly fetch manifest is-async-function@^2.0.0
2157 silly packumentCache full:https://registry.npmjs.org/is-async-function cache-miss
2158 silly fetch manifest is-finalizationregistry@^1.1.0
2159 silly packumentCache full:https://registry.npmjs.org/is-finalizationregistry cache-miss
2160 silly fetch manifest is-generator-function@^1.0.10
2161 silly packumentCache full:https://registry.npmjs.org/is-generator-function cache-miss
2162 silly fetch manifest which-boxed-primitive@^1.1.0
2163 silly packumentCache full:https://registry.npmjs.org/which-boxed-primitive cache-miss
2164 silly fetch manifest which-collection@^1.0.2
2165 silly packumentCache full:https://registry.npmjs.org/which-collection cache-miss
2166 http cache https://registry.npmjs.org/which-boxed-primitive 8ms (cache hit)
2167 silly packumentCache full:https://registry.npmjs.org/which-boxed-primitive set size:19407 disposed:false
2168 http fetch GET 200 https://registry.npmjs.org/is-finalizationregistry 96ms (cache miss)
2169 silly packumentCache full:https://registry.npmjs.org/is-finalizationregistry set size:undefined disposed:false
2170 http fetch GET 200 https://registry.npmjs.org/is-generator-function 111ms (cache miss)
2171 silly packumentCache full:https://registry.npmjs.org/is-generator-function set size:undefined disposed:false
2172 http fetch GET 200 https://registry.npmjs.org/which-collection 114ms (cache miss)
2173 silly packumentCache full:https://registry.npmjs.org/which-collection set size:undefined disposed:false
2174 http fetch GET 200 https://registry.npmjs.org/is-async-function 138ms (cache miss)
2175 silly packumentCache full:https://registry.npmjs.org/is-async-function set size:undefined disposed:false
2176 silly placeDep ROOT has-bigints@1.1.0 OK for: unbox-primitive@1.1.0 want: ^1.0.2
2177 silly placeDep ROOT which-boxed-primitive@1.1.1 OK for: unbox-primitive@1.1.0 want: ^1.1.1
2178 silly fetch manifest is-bigint@^1.1.0
2179 silly packumentCache full:https://registry.npmjs.org/is-bigint cache-miss
2180 silly fetch manifest is-boolean-object@^1.2.1
2181 silly packumentCache full:https://registry.npmjs.org/is-boolean-object cache-miss
2182 silly fetch manifest is-number-object@^1.1.1
2183 silly packumentCache full:https://registry.npmjs.org/is-number-object cache-miss
2184 http fetch GET 200 https://registry.npmjs.org/is-number-object 121ms (cache miss)
2185 silly packumentCache full:https://registry.npmjs.org/is-number-object set size:undefined disposed:false
2186 http fetch GET 200 https://registry.npmjs.org/is-boolean-object 123ms (cache miss)
2187 silly packumentCache full:https://registry.npmjs.org/is-boolean-object set size:undefined disposed:false
2188 http fetch GET 200 https://registry.npmjs.org/is-bigint 126ms (cache miss)
2189 silly packumentCache full:https://registry.npmjs.org/is-bigint set size:undefined disposed:false
2190 silly placeDep ROOT @unrs/resolver-binding-android-arm-eabi@1.11.1 OK for: unrs-resolver@1.11.1 want: 1.11.1
2191 silly placeDep ROOT @unrs/resolver-binding-android-arm64@1.11.1 OK for: unrs-resolver@1.11.1 want: 1.11.1
2192 silly placeDep ROOT @unrs/resolver-binding-darwin-arm64@1.11.1 OK for: unrs-resolver@1.11.1 want: 1.11.1
2193 silly placeDep ROOT @unrs/resolver-binding-darwin-x64@1.11.1 OK for: unrs-resolver@1.11.1 want: 1.11.1
2194 silly placeDep ROOT @unrs/resolver-binding-freebsd-x64@1.11.1 OK for: unrs-resolver@1.11.1 want: 1.11.1
2195 silly placeDep ROOT @unrs/resolver-binding-linux-arm-gnueabihf@1.11.1 OK for: unrs-resolver@1.11.1 want: 1.11.1
2196 silly placeDep ROOT @unrs/resolver-binding-linux-arm-musleabihf@1.11.1 OK for: unrs-resolver@1.11.1 want: 1.11.1
2197 silly placeDep ROOT @unrs/resolver-binding-linux-arm64-gnu@1.11.1 OK for: unrs-resolver@1.11.1 want: 1.11.1
2198 silly placeDep ROOT @unrs/resolver-binding-linux-arm64-musl@1.11.1 OK for: unrs-resolver@1.11.1 want: 1.11.1
2199 silly placeDep ROOT @unrs/resolver-binding-linux-ppc64-gnu@1.11.1 OK for: unrs-resolver@1.11.1 want: 1.11.1
2200 silly placeDep ROOT @unrs/resolver-binding-linux-riscv64-gnu@1.11.1 OK for: unrs-resolver@1.11.1 want: 1.11.1
2201 silly placeDep ROOT @unrs/resolver-binding-linux-riscv64-musl@1.11.1 OK for: unrs-resolver@1.11.1 want: 1.11.1
2202 silly placeDep ROOT @unrs/resolver-binding-linux-s390x-gnu@1.11.1 OK for: unrs-resolver@1.11.1 want: 1.11.1
2203 silly placeDep ROOT @unrs/resolver-binding-linux-x64-gnu@1.11.1 OK for: unrs-resolver@1.11.1 want: 1.11.1
2204 silly placeDep ROOT @unrs/resolver-binding-linux-x64-musl@1.11.1 OK for: unrs-resolver@1.11.1 want: 1.11.1
2205 silly placeDep ROOT @unrs/resolver-binding-wasm32-wasi@1.11.1 OK for: unrs-resolver@1.11.1 want: 1.11.1
2206 silly placeDep ROOT @unrs/resolver-binding-win32-arm64-msvc@1.11.1 OK for: unrs-resolver@1.11.1 want: 1.11.1
2207 silly placeDep ROOT @unrs/resolver-binding-win32-ia32-msvc@1.11.1 OK for: unrs-resolver@1.11.1 want: 1.11.1
2208 silly placeDep ROOT @unrs/resolver-binding-win32-x64-msvc@1.11.1 OK for: unrs-resolver@1.11.1 want: 1.11.1
2209 silly placeDep ROOT napi-postinstall@0.3.4 OK for: unrs-resolver@1.11.1 want: ^0.3.0
2210 silly fetch manifest @napi-rs/wasm-runtime@^0.2.11
2211 silly packumentCache full:https://registry.npmjs.org/@napi-rs%2fwasm-runtime cache-miss
2212 http fetch GET 200 https://registry.npmjs.org/@napi-rs%2fwasm-runtime 108ms (cache miss)
2213 silly packumentCache full:https://registry.npmjs.org/@napi-rs%2fwasm-runtime set size:undefined disposed:false
2214 silly placeDep ROOT @napi-rs/wasm-runtime@0.2.12 OK for: @unrs/resolver-binding-wasm32-wasi@1.11.1 want: ^0.2.11
2215 silly fetch manifest @emnapi/core@^1.4.3
2216 silly packumentCache full:https://registry.npmjs.org/@emnapi%2fcore cache-miss
2217 silly fetch manifest @tybys/wasm-util@^0.10.0
2218 silly packumentCache full:https://registry.npmjs.org/@tybys%2fwasm-util cache-miss
2219 http fetch GET 200 https://registry.npmjs.org/@tybys%2fwasm-util 90ms (cache miss)
2220 silly packumentCache full:https://registry.npmjs.org/@tybys%2fwasm-util set size:undefined disposed:false
2221 http fetch GET 200 https://registry.npmjs.org/@emnapi%2fcore 94ms (cache miss)
2222 silly packumentCache full:https://registry.npmjs.org/@emnapi%2fcore set size:undefined disposed:false
2223 silly placeDep ROOT @emnapi/core@1.10.0 OK for: @napi-rs/wasm-runtime@0.2.12 want: ^1.4.3
2224 silly placeDep ROOT @tybys/wasm-util@0.10.2 OK for: @napi-rs/wasm-runtime@0.2.12 want: ^0.10.0
2225 silly fetch manifest @emnapi/wasi-threads@1.2.1
2226 silly packumentCache full:https://registry.npmjs.org/@emnapi%2fwasi-threads cache-miss
2227 http fetch GET 200 https://registry.npmjs.org/@emnapi%2fwasi-threads 88ms (cache miss)
2228 silly packumentCache full:https://registry.npmjs.org/@emnapi%2fwasi-threads set size:undefined disposed:false
2229 silly placeDep ROOT @emnapi/wasi-threads@1.2.1 OK for: @emnapi/core@1.10.0 want: 1.2.1
2230 silly placeDep ROOT punycode@2.3.1 OK for: uri-js@4.4.1 want: ^2.1.0
2231 silly placeDep ROOT isexe@2.0.0 OK for: which@2.0.2 want: ^2.0.0
2232 silly placeDep ROOT is-bigint@1.1.0 OK for: which-boxed-primitive@1.1.1 want: ^1.1.0
2233 silly placeDep ROOT is-boolean-object@1.2.2 OK for: which-boxed-primitive@1.1.1 want: ^1.2.1
2234 silly placeDep ROOT is-number-object@1.1.1 OK for: which-boxed-primitive@1.1.1 want: ^1.1.1
2235 silly placeDep ROOT is-async-function@2.1.1 OK for: which-builtin-type@1.2.1 want: ^2.0.0
2236 silly placeDep ROOT is-finalizationregistry@1.1.1 OK for: which-builtin-type@1.2.1 want: ^1.1.0
2237 silly placeDep ROOT is-generator-function@1.1.2 OK for: which-builtin-type@1.2.1 want: ^1.0.10
2238 silly placeDep ROOT which-collection@1.0.2 OK for: which-builtin-type@1.2.1 want: ^1.0.2
2239 silly fetch manifest async-function@^1.0.0
2240 silly packumentCache full:https://registry.npmjs.org/async-function cache-miss
2241 silly fetch manifest generator-function@^2.0.0
2242 silly packumentCache full:https://registry.npmjs.org/generator-function cache-miss
2243 silly fetch manifest is-map@^2.0.3
2244 silly packumentCache full:https://registry.npmjs.org/is-map cache-miss
2245 silly fetch manifest is-weakmap@^2.0.2
2246 silly packumentCache full:https://registry.npmjs.org/is-weakmap cache-miss
2247 silly fetch manifest is-weakset@^2.0.3
2248 silly packumentCache full:https://registry.npmjs.org/is-weakset cache-miss
2249 http fetch GET 200 https://registry.npmjs.org/is-map 97ms (cache miss)
2250 silly packumentCache full:https://registry.npmjs.org/is-map set size:undefined disposed:false
2251 http fetch GET 200 https://registry.npmjs.org/is-weakset 98ms (cache miss)
2252 silly packumentCache full:https://registry.npmjs.org/is-weakset set size:undefined disposed:false
2253 http fetch GET 200 https://registry.npmjs.org/generator-function 100ms (cache miss)
2254 silly packumentCache full:https://registry.npmjs.org/generator-function set size:undefined disposed:false
2255 http fetch GET 200 https://registry.npmjs.org/is-weakmap 100ms (cache miss)
2256 silly packumentCache full:https://registry.npmjs.org/is-weakmap set size:undefined disposed:false
2257 http fetch GET 200 https://registry.npmjs.org/async-function 307ms (cache miss)
2258 silly packumentCache full:https://registry.npmjs.org/async-function set size:undefined disposed:false
2259 silly placeDep ROOT async-function@1.0.0 OK for: is-async-function@2.1.1 want: ^1.0.0
2260 silly placeDep ROOT generator-function@2.0.1 OK for: is-generator-function@1.1.2 want: ^2.0.0
2261 silly placeDep ROOT is-map@2.0.3 OK for: which-collection@1.0.2 want: ^2.0.3
2262 silly placeDep ROOT is-weakmap@2.0.2 OK for: which-collection@1.0.2 want: ^2.0.2
2263 silly placeDep ROOT is-weakset@2.0.4 OK for: which-collection@1.0.2 want: ^2.0.3
2264 silly placeDep node_modules/@typescript-eslint/typescript-estree brace-expansion@5.0.6 OK for: minimatch@10.2.5 want: ^5.0.5
2265 silly fetch manifest balanced-match@^4.0.2
2266 silly packumentCache full:https://registry.npmjs.org/balanced-match cache-miss
2267 http cache https://registry.npmjs.org/balanced-match 9ms (cache hit)
2268 silly packumentCache full:https://registry.npmjs.org/balanced-match set size:39082 disposed:false
2269 silly placeDep node_modules/@typescript-eslint/typescript-estree balanced-match@4.0.4 OK for: brace-expansion@5.0.6 want: ^4.0.2
2270 silly reify moves {}
2271 silly audit bulk request {
2271 silly audit   '@eslint/eslintrc': [ '3.3.5' ],
2271 silly audit   '@tailwindcss/postcss': [ '4.3.0' ],
2271 silly audit   '@types/node': [ '20.19.40' ],
2271 silly audit   '@types/react': [ '19.2.14' ],
2271 silly audit   '@types/react-dom': [ '19.2.3' ],
2271 silly audit   eslint: [ '9.39.4' ],
2271 silly audit   'eslint-config-next': [ '15.3.3' ],
2271 silly audit   next: [ '15.3.3' ],
2271 silly audit   react: [ '19.2.6' ],
2271 silly audit   'react-dom': [ '19.2.6' ],
2271 silly audit   tailwindcss: [ '4.3.0' ],
2271 silly audit   typescript: [ '5.9.3' ],
2271 silly audit   ajv: [ '6.15.0' ],
2271 silly audit   debug: [ '4.4.3', '3.2.7' ],
2271 silly audit   espree: [ '10.4.0' ],
2271 silly audit   globals: [ '14.0.0' ],
2271 silly audit   ignore: [ '5.3.2', '7.0.5' ],
2271 silly audit   'import-fresh': [ '3.3.1' ],
2271 silly audit   'js-yaml': [ '4.1.1' ],
2271 silly audit   minimatch: [ '3.1.5', '10.2.5' ],
2271 silly audit   'strip-json-comments': [ '3.1.1' ],
2271 silly audit   '@alloc/quick-lru': [ '5.2.0' ],
2271 silly audit   '@tailwindcss/node': [ '4.3.0' ],
2271 silly audit   '@tailwindcss/oxide': [ '4.3.0' ],
2271 silly audit   postcss: [ '8.5.14', '8.4.31' ],
2271 silly audit   '@jridgewell/remapping': [ '2.3.5' ],
2271 silly audit   'enhanced-resolve': [ '5.21.2' ],
2271 silly audit   jiti: [ '2.7.0' ],
2271 silly audit   lightningcss: [ '1.32.0' ],
2271 silly audit   'magic-string': [ '0.30.21' ],
2271 silly audit   'source-map-js': [ '1.2.1' ],
2271 silly audit   '@jridgewell/gen-mapping': [ '0.3.13' ],
2271 silly audit   '@jridgewell/trace-mapping': [ '0.3.31' ],
2271 silly audit   '@jridgewell/sourcemap-codec': [ '1.5.5' ],
2271 silly audit   '@jridgewell/resolve-uri': [ '3.1.2' ],
2271 silly audit   '@tailwindcss/oxide-android-arm64': [ '4.3.0' ],
2271 silly audit   '@tailwindcss/oxide-darwin-arm64': [ '4.3.0' ],
2271 silly audit   '@tailwindcss/oxide-darwin-x64': [ '4.3.0' ],
2271 silly audit   '@tailwindcss/oxide-freebsd-x64': [ '4.3.0' ],
2271 silly audit   '@tailwindcss/oxide-linux-arm-gnueabihf': [ '4.3.0' ],
2271 silly audit   '@tailwindcss/oxide-linux-arm64-gnu': [ '4.3.0' ],
2271 silly audit   '@tailwindcss/oxide-linux-arm64-musl': [ '4.3.0' ],
2271 silly audit   '@tailwindcss/oxide-linux-x64-gnu': [ '4.3.0' ],
2271 silly audit   '@tailwindcss/oxide-linux-x64-musl': [ '4.3.0' ],
2271 silly audit   '@tailwindcss/oxide-wasm32-wasi': [ '4.3.0' ],
2271 silly audit   '@tailwindcss/oxide-win32-arm64-msvc': [ '4.3.0' ],
2271 silly audit   '@tailwindcss/oxide-win32-x64-msvc': [ '4.3.0' ],
2271 silly audit   'undici-types': [ '6.21.0' ],
2271 silly audit   csstype: [ '3.2.3' ],
2271 silly audit   'fast-deep-equal': [ '3.1.3' ],
2271 silly audit   'fast-json-stable-stringify': [ '2.1.0' ],
2271 silly audit   'json-schema-traverse': [ '0.4.1' ],
2271 silly audit   'uri-js': [ '4.4.1' ],
2271 silly audit   ms: [ '2.1.3' ],
2271 silly audit   'graceful-fs': [ '4.2.11' ],
2271 silly audit   tapable: [ '2.3.3' ],
2271 silly audit   '@eslint-community/eslint-utils': [ '4.9.1' ],
2271 silly audit   '@eslint-community/regexpp': [ '4.12.2' ],
2271 silly audit   '@eslint/config-array': [ '0.21.2' ],
2271 silly audit   '@eslint/config-helpers': [ '0.4.2' ],
2271 silly audit   '@eslint/core': [ '0.17.0' ],
2271 silly audit   '@eslint/js': [ '9.39.4' ],
2271 silly audit   '@eslint/plugin-kit': [ '0.4.1' ],
2271 silly audit   '@humanfs/node': [ '0.16.8' ],
2271 silly audit   '@humanwhocodes/module-importer': [ '1.0.1' ],
2271 silly audit   '@humanwhocodes/retry': [ '0.4.3' ],
2271 silly audit   '@types/estree': [ '1.0.9' ],
2271 silly audit   chalk: [ '4.1.2' ],
2271 silly audit   'cross-spawn': [ '7.0.6' ],
2271 silly audit   'escape-string-regexp': [ '4.0.0' ],
2271 silly audit   'eslint-scope': [ '8.4.0' ],
2271 silly audit   'eslint-visitor-keys': [ '4.2.1', '3.4.3', '5.0.1' ],
2271 silly audit   esquery: [ '1.7.0' ],
2271 silly audit   esutils: [ '2.0.3' ],
2271 silly audit   'file-entry-cache': [ '8.0.0' ],
2271 silly audit   'find-up': [ '5.0.0' ],
2271 silly audit   'glob-parent': [ '6.0.2', '5.1.2' ],
2271 silly audit   imurmurhash: [ '0.1.4' ],
2271 silly audit   'is-glob': [ '4.0.3' ],
2271 silly audit   'json-stable-stringify-without-jsonify': [ '1.0.1' ],
2271 silly audit   'lodash.merge': [ '4.6.2' ],
2271 silly audit   'natural-compare': [ '1.4.0' ],
2271 silly audit   optionator: [ '0.9.4' ],
2271 silly audit   '@eslint/object-schema': [ '2.1.7' ],
2271 silly audit   '@types/json-schema': [ '7.0.15' ],
2271 silly audit   levn: [ '0.4.1' ],
2271 silly audit   '@humanfs/core': [ '0.19.2' ],
2271 silly audit   '@humanfs/types': [ '0.15.0' ],
2271 silly audit   'ansi-styles': [ '4.3.0' ],
2271 silly audit   'supports-color': [ '7.2.0' ],
2271 silly audit   'color-convert': [ '2.0.1' ],
2271 silly audit   'color-name': [ '1.1.4' ],
2271 silly audit   'path-key': [ '3.1.1' ],
2271 silly audit   'shebang-command': [ '2.0.0' ],
2271 silly audit   which: [ '2.0.2' ],
2271 silly audit   '@next/eslint-plugin-next': [ '15.3.3' ],
2271 silly audit   '@rushstack/eslint-patch': [ '1.16.1' ],
2271 silly audit   '@typescript-eslint/eslint-plugin': [ '8.59.2' ],
2271 silly audit   '@typescript-eslint/parser': [ '8.59.2' ],
2271 silly audit   'eslint-import-resolver-node': [ '0.3.10' ],
2271 silly audit   'eslint-import-resolver-typescript': [ '3.10.1' ],
2271 silly audit   'eslint-plugin-import': [ '2.32.0' ],
2271 silly audit   'eslint-plugin-jsx-a11y': [ '6.10.2' ],
2271 silly audit   'eslint-plugin-react': [ '7.37.5' ],
2271 silly audit   'eslint-plugin-react-hooks': [ '5.2.0' ],
2271 silly audit   'fast-glob': [ '3.3.1' ],
2271 silly audit   '@typescript-eslint/scope-manager': [ '8.59.2' ],
2271 silly audit   '@typescript-eslint/type-utils': [ '8.59.2' ],
2271 silly audit   '@typescript-eslint/utils': [ '8.59.2' ],
2271 silly audit   '@typescript-eslint/visitor-keys': [ '8.59.2' ],
2271 silly audit   'ts-api-utils': [ '2.5.0' ],
2271 silly audit   '@typescript-eslint/types': [ '8.59.2' ],
2271 silly audit   '@typescript-eslint/typescript-estree': [ '8.59.2' ],
2271 silly audit   '@typescript-eslint/project-service': [ '8.59.2' ],
2271 silly audit   '@typescript-eslint/tsconfig-utils': [ '8.59.2' ],
2271 silly audit   semver: [ '7.8.0', '6.3.1' ],
2271 silly audit   tinyglobby: [ '0.2.16' ],
2271 silly audit   'is-core-module': [ '2.16.2' ],
2271 silly audit   resolve: [ '2.0.0-next.6' ],
2271 silly audit   '@nolyfill/is-core-module': [ '1.0.39' ],
2271 silly audit   'get-tsconfig': [ '4.14.0' ],
2271 silly audit   'is-bun-module': [ '2.0.0' ],
2271 silly audit   'stable-hash': [ '0.0.5' ],
2271 silly audit   'unrs-resolver': [ '1.11.1' ],
2271 silly audit   '@rtsao/scc': [ '1.1.0' ],
2271 silly audit   'array-includes': [ '3.1.9' ],
2271 silly audit   'array.prototype.findlastindex': [ '1.2.6' ],
2271 silly audit   'array.prototype.flat': [ '1.3.3' ],
2271 silly audit   'array.prototype.flatmap': [ '1.3.3' ],
2271 silly audit   doctrine: [ '2.1.0' ],
2271 silly audit   'eslint-module-utils': [ '2.12.1' ],
2271 silly audit   hasown: [ '2.0.3' ],
2271 silly audit   'object.fromentries': [ '2.0.8' ],
2271 silly audit   'object.groupby': [ '1.0.3' ],
2271 silly audit   'object.values': [ '1.2.1' ],
2271 silly audit   'string.prototype.trimend': [ '1.0.9' ],
2271 silly audit   'tsconfig-paths': [ '3.15.0' ],
2271 silly audit   'call-bind': [ '1.0.9' ],
2271 silly audit   'call-bound': [ '1.0.4' ],
2271 silly audit   'define-properties': [ '1.2.1' ],
2271 silly audit   'es-abstract': [ '1.24.2' ],
2271 silly audit   'es-object-atoms': [ '1.1.1' ],
2271 silly audit   'get-intrinsic': [ '1.3.0' ],
2271 silly audit   'is-string': [ '1.1.1' ],
2271 silly audit   'math-intrinsics': [ '1.1.0' ],
2271 silly audit   'es-errors': [ '1.3.0' ],
2271 silly audit   'es-shim-unscopables': [ '1.1.0' ],
2271 silly audit   'call-bind-apply-helpers': [ '1.0.2' ],
2271 silly audit   'es-define-property': [ '1.0.1' ],
2271 silly audit   'set-function-length': [ '1.2.2' ],
2271 silly audit   'function-bind': [ '1.1.2' ],
2271 silly audit   'define-data-property': [ '1.1.4' ],
2271 silly audit   'has-property-descriptors': [ '1.0.2' ],
2271 silly audit   'object-keys': [ '1.1.1' ],
2271 silly audit   gopd: [ '1.2.0' ],
2271 silly audit   'array-buffer-byte-length': [ '1.0.2' ],
2271 silly audit   'arraybuffer.prototype.slice': [ '1.0.4' ],
2271 silly audit   'available-typed-arrays': [ '1.0.7' ],
2271 silly audit   'data-view-buffer': [ '1.0.2' ],
2271 silly audit   'data-view-byte-length': [ '1.0.2' ],
2271 silly audit   'data-view-byte-offset': [ '1.0.1' ],
2271 silly audit   'es-set-tostringtag': [ '2.1.0' ],
2271 silly audit   'es-to-primitive': [ '1.3.0' ],
2271 silly audit   'function.prototype.name': [ '1.1.8' ],
2271 silly audit   'get-proto': [ '1.0.1' ],
2271 silly audit   'get-symbol-description': [ '1.1.0' ],
2271 silly audit   globalthis: [ '1.0.4' ],
2271 silly audit   'has-proto': [ '1.2.0' ],
2271 silly audit   'has-symbols': [ '1.1.0' ],
2271 silly audit   'internal-slot': [ '1.1.0' ],
2271 silly audit   'is-array-buffer': [ '3.0.5' ],
2271 silly audit   'is-callable': [ '1.2.7' ],
2271 silly audit   'is-data-view': [ '1.0.2' ],
2271 silly audit   'is-negative-zero': [ '2.0.3' ],
2271 silly audit   'is-regex': [ '1.2.1' ],
2271 silly audit   'is-set': [ '2.0.3' ],
2271 silly audit   'is-shared-array-buffer': [ '1.0.4' ],
2271 silly audit   'is-typed-array': [ '1.1.15' ],
2271 silly audit   'is-weakref': [ '1.1.1' ],
2271 silly audit   'object-inspect': [ '1.13.4' ],
2271 silly audit   'object.assign': [ '4.1.7' ],
2271 silly audit   'own-keys': [ '1.0.1' ],
2271 silly audit   'regexp.prototype.flags': [ '1.5.4' ],
2271 silly audit   'safe-array-concat': [ '1.1.4' ],
2271 silly audit   'safe-push-apply': [ '1.0.0' ],
2271 silly audit   'safe-regex-test': [ '1.1.0' ],
2271 silly audit   'set-proto': [ '1.0.0' ],
2271 silly audit   'stop-iteration-iterator': [ '1.1.0' ],
2271 silly audit   'string.prototype.trim': [ '1.2.10' ],
2271 silly audit   'string.prototype.trimstart': [ '1.0.8' ],
2271 silly audit   'typed-array-buffer': [ '1.0.3' ],
2271 silly audit   'typed-array-byte-length': [ '1.0.3' ],
2271 silly audit   'typed-array-byte-offset': [ '1.0.4' ],
2271 silly audit   'typed-array-length': [ '1.0.7' ],
2271 silly audit   'unbox-primitive': [ '1.1.0' ],
2271 silly audit   'which-typed-array': [ '1.1.20' ],
2271 silly audit   'possible-typed-array-names': [ '1.1.0' ],
2271 silly audit   'has-tostringtag': [ '1.0.2' ],
2271 silly audit   'is-date-object': [ '1.1.0' ],
2271 silly audit   'is-symbol': [ '1.1.1' ],
2271 silly audit   'aria-query': [ '5.3.2' ],
2271 silly audit   'ast-types-flow': [ '0.0.8' ],
2271 silly audit   'axe-core': [ '4.11.4' ],
2271 silly audit   'axobject-query': [ '4.1.0' ],
2271 silly audit   'damerau-levenshtein': [ '1.0.8' ],
2271 silly audit   'emoji-regex': [ '9.2.2' ],
2271 silly audit   'jsx-ast-utils': [ '3.3.5' ],
2271 silly audit   'language-tags': [ '1.0.9' ],
2271 silly audit   'string.prototype.includes': [ '2.0.1' ],
2271 silly audit   'array.prototype.findlast': [ '1.2.5' ],
2271 silly audit   'array.prototype.tosorted': [ '1.1.4' ],
2271 silly audit   'es-iterator-helpers': [ '1.3.2' ],
2271 silly audit   estraverse: [ '5.3.0' ],
2271 silly audit   'object.entries': [ '1.1.9' ],
2271 silly audit   'prop-types': [ '15.8.1' ],
2271 silly audit   'string.prototype.matchall': [ '4.0.12' ],
2271 silly audit   'string.prototype.repeat': [ '1.0.0' ],
2271 silly audit   'iterator.prototype': [ '1.1.5' ],
2271 silly audit   esrecurse: [ '4.3.0' ],
2271 silly audit   acorn: [ '8.16.0' ],
2271 silly audit   'acorn-jsx': [ '5.3.2' ],
2271 silly audit   '@nodelib/fs.stat': [ '2.0.5' ],
2271 silly audit   '@nodelib/fs.walk': [ '1.2.8' ],
2271 silly audit   merge2: [ '1.4.1' ],
2271 silly audit   micromatch: [ '4.0.8' ],
2271 silly audit   '@nodelib/fs.scandir': [ '2.1.5' ],
2271 silly audit   fastq: [ '1.20.1' ],
2271 silly audit   'run-parallel': [ '1.2.0' ],
2271 silly audit   reusify: [ '1.1.0' ],
2271 silly audit   'flat-cache': [ '4.0.1' ],
2271 silly audit   'locate-path': [ '6.0.0' ],
2271 silly audit   'path-exists': [ '4.0.0' ],
2271 silly audit   flatted: [ '3.4.2' ],
2271 silly audit   keyv: [ '4.5.4' ],
2271 silly audit   'functions-have-names': [ '1.2.3' ],
2271 silly audit   'dunder-proto': [ '1.0.1' ],
2271 silly audit   'resolve-pkg-maps': [ '1.0.0' ],
2271 silly audit   'parent-module': [ '1.0.1' ],
2271 silly audit   'resolve-from': [ '4.0.0' ],
2271 silly audit   'side-channel': [ '1.1.0' ],
2271 silly audit   'is-extglob': [ '2.1.1' ],
2271 silly audit   'set-function-name': [ '2.0.2' ],
2271 silly audit   argparse: [ '2.0.1' ],
2271 silly audit   'json-buffer': [ '3.0.1' ],
2271 silly audit   'language-subtag-registry': [ '0.3.23' ],
2271 silly audit   'prelude-ls': [ '1.2.1' ],
2271 silly audit   'type-check': [ '0.4.0' ],
2271 silly audit   'detect-libc': [ '2.1.2' ],
2271 silly audit   'lightningcss-android-arm64': [ '1.32.0' ],
2271 silly audit   'lightningcss-darwin-arm64': [ '1.32.0' ],
2271 silly audit   'lightningcss-darwin-x64': [ '1.32.0' ],
2271 silly audit   'lightningcss-freebsd-x64': [ '1.32.0' ],
2271 silly audit   'lightningcss-linux-arm-gnueabihf': [ '1.32.0' ],
2271 silly audit   'lightningcss-linux-arm64-gnu': [ '1.32.0' ],
2271 silly audit   'lightningcss-linux-arm64-musl': [ '1.32.0' ],
2271 silly audit   'lightningcss-linux-x64-gnu': [ '1.32.0' ],
2271 silly audit   'lightningcss-linux-x64-musl': [ '1.32.0' ],
2271 silly audit   'lightningcss-win32-arm64-msvc': [ '1.32.0' ],
2271 silly audit   'lightningcss-win32-x64-msvc': [ '1.32.0' ],
2271 silly audit   'p-locate': [ '5.0.0' ],
2271 silly audit   braces: [ '3.0.3' ],
2271 silly audit   picomatch: [ '2.3.2', '4.0.4' ],
2271 silly audit   'fill-range': [ '7.1.1' ],
2271 silly audit   'to-regex-range': [ '5.0.1' ],
2271 silly audit   'brace-expansion': [ '1.1.14', '5.0.6' ],
2271 silly audit   'balanced-match': [ '1.0.2', '4.0.4' ],
2271 silly audit   'concat-map': [ '0.0.1' ],
2271 silly audit   '@next/env': [ '15.3.3' ],
2271 silly audit   '@next/swc-darwin-arm64': [ '15.3.3' ],
2271 silly audit   '@next/swc-darwin-x64': [ '15.3.3' ],
2271 silly audit   '@next/swc-linux-arm64-gnu': [ '15.3.3' ],
2271 silly audit   '@next/swc-linux-arm64-musl': [ '15.3.3' ],
2271 silly audit   '@next/swc-linux-x64-gnu': [ '15.3.3' ],
2271 silly audit   '@next/swc-linux-x64-musl': [ '15.3.3' ],
2271 silly audit   '@next/swc-win32-arm64-msvc': [ '15.3.3' ],
2271 silly audit   '@next/swc-win32-x64-msvc': [ '15.3.3' ],
2271 silly audit   '@swc/counter': [ '0.1.3' ],
2271 silly audit   '@swc/helpers': [ '0.5.15' ],
2271 silly audit   busboy: [ '1.6.0' ],
2271 silly audit   'caniuse-lite': [ '1.0.30001792' ],
2271 silly audit   sharp: [ '0.34.5' ],
2271 silly audit   'styled-jsx': [ '5.1.6' ],
2271 silly audit   tslib: [ '2.8.1' ],
2271 silly audit   streamsearch: [ '1.1.0' ],
2271 silly audit   'deep-is': [ '0.1.4' ],
2271 silly audit   'fast-levenshtein': [ '2.0.6' ],
2271 silly audit   'word-wrap': [ '1.2.5' ],
2271 silly audit   'p-limit': [ '3.1.0' ],
2271 silly audit   'yocto-queue': [ '0.1.0' ],
2271 silly audit   callsites: [ '3.1.0' ],
2271 silly audit   nanoid: [ '3.3.12' ],
2271 silly audit   picocolors: [ '1.1.1' ],
2271 silly audit   'loose-envify': [ '1.4.0' ],
2271 silly audit   'object-assign': [ '4.1.1' ],
2271 silly audit   'react-is': [ '16.13.1' ],
2271 silly audit   'js-tokens': [ '4.0.0' ],
2271 silly audit   scheduler: [ '0.27.0' ],
2271 silly audit   'node-exports-info': [ '1.6.0' ],
2271 silly audit   'path-parse': [ '1.0.7' ],
2271 silly audit   'supports-preserve-symlinks-flag': [ '1.0.0' ],
2271 silly audit   'queue-microtask': [ '1.2.3' ],
2271 silly audit   isarray: [ '2.0.5' ],
2271 silly audit   '@img/colour': [ '1.1.0' ],
2271 silly audit   '@img/sharp-darwin-arm64': [ '0.34.5' ],
2271 silly audit   '@img/sharp-darwin-x64': [ '0.34.5' ],
2271 silly audit   '@img/sharp-libvips-darwin-arm64': [ '1.2.4' ],
2271 silly audit   '@img/sharp-libvips-darwin-x64': [ '1.2.4' ],
2271 silly audit   '@img/sharp-libvips-linux-arm': [ '1.2.4' ],
2271 silly audit   '@img/sharp-libvips-linux-arm64': [ '1.2.4' ],
2271 silly audit   '@img/sharp-libvips-linux-ppc64': [ '1.2.4' ],
2271 silly audit   '@img/sharp-libvips-linux-riscv64': [ '1.2.4' ],
2271 silly audit   '@img/sharp-libvips-linux-s390x': [ '1.2.4' ],
2271 silly audit   '@img/sharp-libvips-linux-x64': [ '1.2.4' ],
2271 silly audit   '@img/sharp-libvips-linuxmusl-arm64': [ '1.2.4' ],
2271 silly audit   '@img/sharp-libvips-linuxmusl-x64': [ '1.2.4' ],
2271 silly audit   '@img/sharp-linux-arm': [ '0.34.5' ],
2271 silly audit   '@img/sharp-linux-arm64': [ '0.34.5' ],
2271 silly audit   '@img/sharp-linux-ppc64': [ '0.34.5' ],
2271 silly audit   '@img/sharp-linux-riscv64': [ '0.34.5' ],
2271 silly audit   '@img/sharp-linux-s390x': [ '0.34.5' ],
2271 silly audit   '@img/sharp-linux-x64': [ '0.34.5' ],
2271 silly audit   '@img/sharp-linuxmusl-arm64': [ '0.34.5' ],
2271 silly audit   '@img/sharp-linuxmusl-x64': [ '0.34.5' ],
2271 silly audit   '@img/sharp-wasm32': [ '0.34.5' ],
2271 silly audit   '@img/sharp-win32-arm64': [ '0.34.5' ],
2271 silly audit   '@img/sharp-win32-ia32': [ '0.34.5' ],
2271 silly audit   '@img/sharp-win32-x64': [ '0.34.5' ],
2271 silly audit   '@emnapi/runtime': [ '1.10.0' ],
2271 silly audit   'shebang-regex': [ '3.0.0' ],
2271 silly audit   'side-channel-list': [ '1.0.1' ],
2271 silly audit   'side-channel-map': [ '1.0.1' ],
2271 silly audit   'side-channel-weakmap': [ '1.0.2' ],
2271 silly audit   'client-only': [ '0.0.1' ],
2271 silly audit   'has-flag': [ '4.0.0' ],
2271 silly audit   fdir: [ '6.5.0' ],
2271 silly audit   'is-number': [ '7.0.0' ],
2271 silly audit   '@types/json5': [ '0.0.29' ],
2271 silly audit   json5: [ '1.0.2' ],
2271 silly audit   minimist: [ '1.2.8' ],
2271 silly audit   'strip-bom': [ '3.0.0' ],
2271 silly audit   'for-each': [ '0.3.5' ],
2271 silly audit   'reflect.getprototypeof': [ '1.0.10' ],
2271 silly audit   'which-builtin-type': [ '1.2.1' ],
2271 silly audit   'has-bigints': [ '1.1.0' ],
2271 silly audit   'which-boxed-primitive': [ '1.1.1' ],
2271 silly audit   '@unrs/resolver-binding-android-arm-eabi': [ '1.11.1' ],
2271 silly audit   '@unrs/resolver-binding-android-arm64': [ '1.11.1' ],
2271 silly audit   '@unrs/resolver-binding-darwin-arm64': [ '1.11.1' ],
2271 silly audit   '@unrs/resolver-binding-darwin-x64': [ '1.11.1' ],
2271 silly audit   '@unrs/resolver-binding-freebsd-x64': [ '1.11.1' ],
2271 silly audit   '@unrs/resolver-binding-linux-arm-gnueabihf': [ '1.11.1' ],
2271 silly audit   '@unrs/resolver-binding-linux-arm-musleabihf': [ '1.11.1' ],
2271 silly audit   '@unrs/resolver-binding-linux-arm64-gnu': [ '1.11.1' ],
2271 silly audit   '@unrs/resolver-binding-linux-arm64-musl': [ '1.11.1' ],
2271 silly audit   '@unrs/resolver-binding-linux-ppc64-gnu': [ '1.11.1' ],
2271 silly audit   '@unrs/resolver-binding-linux-riscv64-gnu': [ '1.11.1' ],
2271 silly audit   '@unrs/resolver-binding-linux-riscv64-musl': [ '1.11.1' ],
2271 silly audit   '@unrs/resolver-binding-linux-s390x-gnu': [ '1.11.1' ],
2271 silly audit   '@unrs/resolver-binding-linux-x64-gnu': [ '1.11.1' ],
2271 silly audit   '@unrs/resolver-binding-linux-x64-musl': [ '1.11.1' ],
2271 silly audit   '@unrs/resolver-binding-wasm32-wasi': [ '1.11.1' ],
2271 silly audit   '@unrs/resolver-binding-win32-arm64-msvc': [ '1.11.1' ],
2271 silly audit   '@unrs/resolver-binding-win32-ia32-msvc': [ '1.11.1' ],
2271 silly audit   '@unrs/resolver-binding-win32-x64-msvc': [ '1.11.1' ],
2271 silly audit   'napi-postinstall': [ '0.3.4' ],
2271 silly audit   '@napi-rs/wasm-runtime': [ '0.2.12' ],
2271 silly audit   '@emnapi/core': [ '1.10.0' ],
2271 silly audit   '@tybys/wasm-util': [ '0.10.2' ],
2271 silly audit   '@emnapi/wasi-threads': [ '1.2.1' ],
2271 silly audit   punycode: [ '2.3.1' ],
2271 silly audit   isexe: [ '2.0.0' ],
2271 silly audit   'is-bigint': [ '1.1.0' ],
2271 silly audit   'is-boolean-object': [ '1.2.2' ],
2271 silly audit   'is-number-object': [ '1.1.1' ],
2271 silly audit   'is-async-function': [ '2.1.1' ],
2271 silly audit   'is-finalizationregistry': [ '1.1.1' ],
2271 silly audit   'is-generator-function': [ '1.1.2' ],
2271 silly audit   'which-collection': [ '1.0.2' ],
2271 silly audit   'async-function': [ '1.0.0' ],
2271 silly audit   'generator-function': [ '2.0.1' ],
2271 silly audit   'is-map': [ '2.0.3' ],
2271 silly audit   'is-weakmap': [ '2.0.2' ],
2271 silly audit   'is-weakset': [ '2.0.4' ]
2271 silly audit }
2272 http cache is-weakmap@https://registry.npmjs.org/is-weakmap/-/is-weakmap-2.0.2.tgz 0ms (cache hit)
2273 http cache generator-function@https://registry.npmjs.org/generator-function/-/generator-function-2.0.1.tgz 0ms (cache hit)
2274 http cache is-weakset@https://registry.npmjs.org/is-weakset/-/is-weakset-2.0.4.tgz 0ms (cache hit)
2275 http cache is-generator-function@https://registry.npmjs.org/is-generator-function/-/is-generator-function-1.1.2.tgz 0ms (cache hit)
2276 http cache is-map@https://registry.npmjs.org/is-map/-/is-map-2.0.3.tgz 0ms (cache hit)
2277 http cache is-finalizationregistry@https://registry.npmjs.org/is-finalizationregistry/-/is-finalizationregistry-1.1.1.tgz 0ms (cache hit)
2278 http cache async-function@https://registry.npmjs.org/async-function/-/async-function-1.0.0.tgz 0ms (cache hit)
2279 http cache isexe@https://registry.npmjs.org/isexe/-/isexe-2.0.0.tgz 0ms (cache hit)
2280 http cache is-boolean-object@https://registry.npmjs.org/is-boolean-object/-/is-boolean-object-1.2.2.tgz 0ms (cache hit)
2281 http cache which-collection@https://registry.npmjs.org/which-collection/-/which-collection-1.0.2.tgz 0ms (cache hit)
2282 http cache is-number-object@https://registry.npmjs.org/is-number-object/-/is-number-object-1.1.1.tgz 0ms (cache hit)
2283 http cache is-async-function@https://registry.npmjs.org/is-async-function/-/is-async-function-2.1.1.tgz 0ms (cache hit)
2284 http cache punycode@https://registry.npmjs.org/punycode/-/punycode-2.3.1.tgz 0ms (cache hit)
2285 http cache napi-postinstall@https://registry.npmjs.org/napi-postinstall/-/napi-postinstall-0.3.4.tgz 0ms (cache hit)
2286 http cache is-bigint@https://registry.npmjs.org/is-bigint/-/is-bigint-1.1.0.tgz 0ms (cache hit)
2287 http cache which-builtin-type@https://registry.npmjs.org/which-builtin-type/-/which-builtin-type-1.2.1.tgz 0ms (cache hit)
2288 http cache has-bigints@https://registry.npmjs.org/has-bigints/-/has-bigints-1.1.0.tgz 0ms (cache hit)
2289 http cache @unrs/resolver-binding-win32-x64-msvc@https://registry.npmjs.org/@unrs/resolver-binding-win32-x64-msvc/-/resolver-binding-win32-x64-msvc-1.11.1.tgz 0ms (cache hit)
2290 http cache reflect.getprototypeof@https://registry.npmjs.org/reflect.getprototypeof/-/reflect.getprototypeof-1.0.10.tgz 0ms (cache hit)
2291 http cache @types/json5@https://registry.npmjs.org/@types/json5/-/json5-0.0.29.tgz 0ms (cache hit)
2292 http cache which-boxed-primitive@https://registry.npmjs.org/which-boxed-primitive/-/which-boxed-primitive-1.1.1.tgz 0ms (cache hit)
2293 http cache strip-bom@https://registry.npmjs.org/strip-bom/-/strip-bom-3.0.0.tgz 0ms (cache hit)
2294 http cache for-each@https://registry.npmjs.org/for-each/-/for-each-0.3.5.tgz 0ms (cache hit)
2295 http cache minimist@https://registry.npmjs.org/minimist/-/minimist-1.2.8.tgz 0ms (cache hit)
2296 http cache json5@https://registry.npmjs.org/json5/-/json5-1.0.2.tgz 0ms (cache hit)
2297 http cache client-only@https://registry.npmjs.org/client-only/-/client-only-0.0.1.tgz 0ms (cache hit)
2298 http cache has-flag@https://registry.npmjs.org/has-flag/-/has-flag-4.0.0.tgz 0ms (cache hit)
2299 http cache side-channel-map@https://registry.npmjs.org/side-channel-map/-/side-channel-map-1.0.1.tgz 0ms (cache hit)
2300 http cache shebang-regex@https://registry.npmjs.org/shebang-regex/-/shebang-regex-3.0.0.tgz 0ms (cache hit)
2301 http cache is-number@https://registry.npmjs.org/is-number/-/is-number-7.0.0.tgz 0ms (cache hit)
2302 http cache isarray@https://registry.npmjs.org/isarray/-/isarray-2.0.5.tgz 0ms (cache hit)
2303 http cache side-channel-list@https://registry.npmjs.org/side-channel-list/-/side-channel-list-1.0.1.tgz 0ms (cache hit)
2304 http cache @img/sharp-win32-x64@https://registry.npmjs.org/@img/sharp-win32-x64/-/sharp-win32-x64-0.34.5.tgz 0ms (cache hit)
2305 http cache @img/colour@https://registry.npmjs.org/@img/colour/-/colour-1.1.0.tgz 0ms (cache hit)
2306 http cache queue-microtask@https://registry.npmjs.org/queue-microtask/-/queue-microtask-1.2.3.tgz 0ms (cache hit)
2307 http cache side-channel-weakmap@https://registry.npmjs.org/side-channel-weakmap/-/side-channel-weakmap-1.0.2.tgz 0ms (cache hit)
2308 http cache path-parse@https://registry.npmjs.org/path-parse/-/path-parse-1.0.7.tgz 0ms (cache hit)
2309 http cache scheduler@https://registry.npmjs.org/scheduler/-/scheduler-0.27.0.tgz 0ms (cache hit)
2310 http cache supports-preserve-symlinks-flag@https://registry.npmjs.org/supports-preserve-symlinks-flag/-/supports-preserve-symlinks-flag-1.0.0.tgz 0ms (cache hit)
2311 http cache object-assign@https://registry.npmjs.org/object-assign/-/object-assign-4.1.1.tgz 0ms (cache hit)
2312 http cache react-is@https://registry.npmjs.org/react-is/-/react-is-16.13.1.tgz 0ms (cache hit)
2313 http cache callsites@https://registry.npmjs.org/callsites/-/callsites-3.1.0.tgz 0ms (cache hit)
2314 http cache loose-envify@https://registry.npmjs.org/loose-envify/-/loose-envify-1.4.0.tgz 0ms (cache hit)
2315 http cache js-tokens@https://registry.npmjs.org/js-tokens/-/js-tokens-4.0.0.tgz 0ms (cache hit)
2316 http cache nanoid@https://registry.npmjs.org/nanoid/-/nanoid-3.3.12.tgz 0ms (cache hit)
2317 http cache picocolors@https://registry.npmjs.org/picocolors/-/picocolors-1.1.1.tgz 0ms (cache hit)
2318 http cache yocto-queue@https://registry.npmjs.org/yocto-queue/-/yocto-queue-0.1.0.tgz 0ms (cache hit)
2319 http cache word-wrap@https://registry.npmjs.org/word-wrap/-/word-wrap-1.2.5.tgz 0ms (cache hit)
2320 http cache deep-is@https://registry.npmjs.org/deep-is/-/deep-is-0.1.4.tgz 1ms (cache hit)
2321 http cache fast-levenshtein@https://registry.npmjs.org/fast-levenshtein/-/fast-levenshtein-2.0.6.tgz 0ms (cache hit)
2322 http cache p-limit@https://registry.npmjs.org/p-limit/-/p-limit-3.1.0.tgz 0ms (cache hit)
2323 http cache streamsearch@https://registry.npmjs.org/streamsearch/-/streamsearch-1.1.0.tgz 0ms (cache hit)
2324 http cache node-exports-info@https://registry.npmjs.org/node-exports-info/-/node-exports-info-1.6.0.tgz 0ms (cache hit)
2325 http cache styled-jsx@https://registry.npmjs.org/styled-jsx/-/styled-jsx-5.1.6.tgz 0ms (cache hit)
2326 http cache caniuse-lite@https://registry.npmjs.org/caniuse-lite/-/caniuse-lite-1.0.30001792.tgz 0ms (cache hit)
2327 http cache sharp@https://registry.npmjs.org/sharp/-/sharp-0.34.5.tgz 0ms (cache hit)
2328 http cache busboy@https://registry.npmjs.org/busboy/-/busboy-1.6.0.tgz 0ms (cache hit)
2329 http cache @swc/helpers@https://registry.npmjs.org/@swc/helpers/-/helpers-0.5.15.tgz 0ms (cache hit)
2330 http cache tslib@https://registry.npmjs.org/tslib/-/tslib-2.8.1.tgz 0ms (cache hit)
2331 http cache @next/env@https://registry.npmjs.org/@next/env/-/env-15.3.3.tgz 0ms (cache hit)
2332 http cache @swc/counter@https://registry.npmjs.org/@swc/counter/-/counter-0.1.3.tgz 0ms (cache hit)
2333 http cache to-regex-range@https://registry.npmjs.org/to-regex-range/-/to-regex-range-5.0.1.tgz 0ms (cache hit)
2334 http cache balanced-match@https://registry.npmjs.org/balanced-match/-/balanced-match-1.0.2.tgz 0ms (cache hit)
2335 http cache brace-expansion@https://registry.npmjs.org/brace-expansion/-/brace-expansion-1.1.14.tgz 0ms (cache hit)
2336 http cache @next/swc-win32-x64-msvc@https://registry.npmjs.org/@next/swc-win32-x64-msvc/-/swc-win32-x64-msvc-15.3.3.tgz 0ms (cache hit)
2337 http cache concat-map@https://registry.npmjs.org/concat-map/-/concat-map-0.0.1.tgz 0ms (cache hit)
2338 http cache picomatch@https://registry.npmjs.org/picomatch/-/picomatch-2.3.2.tgz 0ms (cache hit)
2339 http cache detect-libc@https://registry.npmjs.org/detect-libc/-/detect-libc-2.1.2.tgz 0ms (cache hit)
2340 http cache braces@https://registry.npmjs.org/braces/-/braces-3.0.3.tgz 0ms (cache hit)
2341 http cache fill-range@https://registry.npmjs.org/fill-range/-/fill-range-7.1.1.tgz 0ms (cache hit)
2342 http cache lightningcss-win32-x64-msvc@https://registry.npmjs.org/lightningcss-win32-x64-msvc/-/lightningcss-win32-x64-msvc-1.32.0.tgz 0ms (cache hit)
2343 http cache type-check@https://registry.npmjs.org/type-check/-/type-check-0.4.0.tgz 0ms (cache hit)
2344 http cache set-function-name@https://registry.npmjs.org/set-function-name/-/set-function-name-2.0.2.tgz 0ms (cache hit)
2345 http cache prelude-ls@https://registry.npmjs.org/prelude-ls/-/prelude-ls-1.2.1.tgz 0ms (cache hit)
2346 http cache json-buffer@https://registry.npmjs.org/json-buffer/-/json-buffer-3.0.1.tgz 0ms (cache hit)
2347 http cache p-locate@https://registry.npmjs.org/p-locate/-/p-locate-5.0.0.tgz 0ms (cache hit)
2348 http cache is-extglob@https://registry.npmjs.org/is-extglob/-/is-extglob-2.1.1.tgz 0ms (cache hit)
2349 http cache argparse@https://registry.npmjs.org/argparse/-/argparse-2.0.1.tgz 0ms (cache hit)
2350 http cache language-subtag-registry@https://registry.npmjs.org/language-subtag-registry/-/language-subtag-registry-0.3.23.tgz 0ms (cache hit)
2351 http cache resolve-pkg-maps@https://registry.npmjs.org/resolve-pkg-maps/-/resolve-pkg-maps-1.0.0.tgz 0ms (cache hit)
2352 http cache functions-have-names@https://registry.npmjs.org/functions-have-names/-/functions-have-names-1.2.3.tgz 0ms (cache hit)
2353 http cache resolve-from@https://registry.npmjs.org/resolve-from/-/resolve-from-4.0.0.tgz 0ms (cache hit)
2354 http cache dunder-proto@https://registry.npmjs.org/dunder-proto/-/dunder-proto-1.0.1.tgz 0ms (cache hit)
2355 http cache side-channel@https://registry.npmjs.org/side-channel/-/side-channel-1.1.0.tgz 0ms (cache hit)
2356 http cache flatted@https://registry.npmjs.org/flatted/-/flatted-3.4.2.tgz 0ms (cache hit)
2357 http cache parent-module@https://registry.npmjs.org/parent-module/-/parent-module-1.0.1.tgz 0ms (cache hit)
2358 http cache keyv@https://registry.npmjs.org/keyv/-/keyv-4.5.4.tgz 0ms (cache hit)
2359 http cache path-exists@https://registry.npmjs.org/path-exists/-/path-exists-4.0.0.tgz 0ms (cache hit)
2360 http cache reusify@https://registry.npmjs.org/reusify/-/reusify-1.1.0.tgz 0ms (cache hit)
2361 http cache @nodelib/fs.scandir@https://registry.npmjs.org/@nodelib/fs.scandir/-/fs.scandir-2.1.5.tgz 0ms (cache hit)
2362 http cache locate-path@https://registry.npmjs.org/locate-path/-/locate-path-6.0.0.tgz 0ms (cache hit)
2363 http cache run-parallel@https://registry.npmjs.org/run-parallel/-/run-parallel-1.2.0.tgz 0ms (cache hit)
2364 http cache flat-cache@https://registry.npmjs.org/flat-cache/-/flat-cache-4.0.1.tgz 0ms (cache hit)
2365 http cache fastq@https://registry.npmjs.org/fastq/-/fastq-1.20.1.tgz 0ms (cache hit)
2366 http cache @nodelib/fs.walk@https://registry.npmjs.org/@nodelib/fs.walk/-/fs.walk-1.2.8.tgz 0ms (cache hit)
2367 http cache merge2@https://registry.npmjs.org/merge2/-/merge2-1.4.1.tgz 0ms (cache hit)
2368 http cache acorn-jsx@https://registry.npmjs.org/acorn-jsx/-/acorn-jsx-5.3.2.tgz 0ms (cache hit)
2369 http cache @nodelib/fs.stat@https://registry.npmjs.org/@nodelib/fs.stat/-/fs.stat-2.0.5.tgz 0ms (cache hit)
2370 http cache micromatch@https://registry.npmjs.org/micromatch/-/micromatch-4.0.8.tgz 0ms (cache hit)
2371 http cache esrecurse@https://registry.npmjs.org/esrecurse/-/esrecurse-4.3.0.tgz 0ms (cache hit)
2372 http cache acorn@https://registry.npmjs.org/acorn/-/acorn-8.16.0.tgz 0ms (cache hit)
2373 http cache prop-types@https://registry.npmjs.org/prop-types/-/prop-types-15.8.1.tgz 0ms (cache hit)
2374 http cache object.entries@https://registry.npmjs.org/object.entries/-/object.entries-1.1.9.tgz 0ms (cache hit)
2375 http cache iterator.prototype@https://registry.npmjs.org/iterator.prototype/-/iterator.prototype-1.1.5.tgz 0ms (cache hit)
2376 http cache string.prototype.repeat@https://registry.npmjs.org/string.prototype.repeat/-/string.prototype.repeat-1.0.0.tgz 0ms (cache hit)
2377 http cache string.prototype.matchall@https://registry.npmjs.org/string.prototype.matchall/-/string.prototype.matchall-4.0.12.tgz 0ms (cache hit)
2378 http cache es-iterator-helpers@https://registry.npmjs.org/es-iterator-helpers/-/es-iterator-helpers-1.3.2.tgz 0ms (cache hit)
2379 http cache estraverse@https://registry.npmjs.org/estraverse/-/estraverse-5.3.0.tgz 0ms (cache hit)
2380 http cache string.prototype.includes@https://registry.npmjs.org/string.prototype.includes/-/string.prototype.includes-2.0.1.tgz 0ms (cache hit)
2381 http cache array.prototype.tosorted@https://registry.npmjs.org/array.prototype.tosorted/-/array.prototype.tosorted-1.1.4.tgz 0ms (cache hit)
2382 http cache array.prototype.findlast@https://registry.npmjs.org/array.prototype.findlast/-/array.prototype.findlast-1.2.5.tgz 0ms (cache hit)
2383 http cache jsx-ast-utils@https://registry.npmjs.org/jsx-ast-utils/-/jsx-ast-utils-3.3.5.tgz 0ms (cache hit)
2384 http cache language-tags@https://registry.npmjs.org/language-tags/-/language-tags-1.0.9.tgz 0ms (cache hit)
2385 http cache damerau-levenshtein@https://registry.npmjs.org/damerau-levenshtein/-/damerau-levenshtein-1.0.8.tgz 0ms (cache hit)
2386 http cache axe-core@https://registry.npmjs.org/axe-core/-/axe-core-4.11.4.tgz 0ms (cache hit)
2387 http cache emoji-regex@https://registry.npmjs.org/emoji-regex/-/emoji-regex-9.2.2.tgz 0ms (cache hit)
2388 http cache axobject-query@https://registry.npmjs.org/axobject-query/-/axobject-query-4.1.0.tgz 0ms (cache hit)
2389 http cache is-symbol@https://registry.npmjs.org/is-symbol/-/is-symbol-1.1.1.tgz 0ms (cache hit)
2390 http cache aria-query@https://registry.npmjs.org/aria-query/-/aria-query-5.3.2.tgz 0ms (cache hit)
2391 http cache has-tostringtag@https://registry.npmjs.org/has-tostringtag/-/has-tostringtag-1.0.2.tgz 0ms (cache hit)
2392 http cache possible-typed-array-names@https://registry.npmjs.org/possible-typed-array-names/-/possible-typed-array-names-1.1.0.tgz 0ms (cache hit)
2393 http cache unbox-primitive@https://registry.npmjs.org/unbox-primitive/-/unbox-primitive-1.1.0.tgz 0ms (cache hit)
2394 http cache is-date-object@https://registry.npmjs.org/is-date-object/-/is-date-object-1.1.0.tgz 0ms (cache hit)
2395 http cache which-typed-array@https://registry.npmjs.org/which-typed-array/-/which-typed-array-1.1.20.tgz 0ms (cache hit)
2396 http cache ast-types-flow@https://registry.npmjs.org/ast-types-flow/-/ast-types-flow-0.0.8.tgz 0ms (cache hit)
2397 http cache typed-array-byte-offset@https://registry.npmjs.org/typed-array-byte-offset/-/typed-array-byte-offset-1.0.4.tgz 0ms (cache hit)
2398 http cache typed-array-buffer@https://registry.npmjs.org/typed-array-buffer/-/typed-array-buffer-1.0.3.tgz 0ms (cache hit)
2399 http cache string.prototype.trim@https://registry.npmjs.org/string.prototype.trim/-/string.prototype.trim-1.2.10.tgz 0ms (cache hit)
2400 http cache stop-iteration-iterator@https://registry.npmjs.org/stop-iteration-iterator/-/stop-iteration-iterator-1.1.0.tgz 0ms (cache hit)
2401 http cache typed-array-length@https://registry.npmjs.org/typed-array-length/-/typed-array-length-1.0.7.tgz 0ms (cache hit)
2402 http cache typed-array-byte-length@https://registry.npmjs.org/typed-array-byte-length/-/typed-array-byte-length-1.0.3.tgz 0ms (cache hit)
2403 http cache set-proto@https://registry.npmjs.org/set-proto/-/set-proto-1.0.0.tgz 0ms (cache hit)
2404 http cache safe-array-concat@https://registry.npmjs.org/safe-array-concat/-/safe-array-concat-1.1.4.tgz 0ms (cache hit)
2405 http cache safe-regex-test@https://registry.npmjs.org/safe-regex-test/-/safe-regex-test-1.1.0.tgz 0ms (cache hit)
2406 http cache own-keys@https://registry.npmjs.org/own-keys/-/own-keys-1.0.1.tgz 0ms (cache hit)
2407 http cache safe-push-apply@https://registry.npmjs.org/safe-push-apply/-/safe-push-apply-1.0.0.tgz 0ms (cache hit)
2408 http cache object.assign@https://registry.npmjs.org/object.assign/-/object.assign-4.1.7.tgz 0ms (cache hit)
2409 http cache string.prototype.trimstart@https://registry.npmjs.org/string.prototype.trimstart/-/string.prototype.trimstart-1.0.8.tgz 0ms (cache hit)
2410 http cache object-inspect@https://registry.npmjs.org/object-inspect/-/object-inspect-1.13.4.tgz 0ms (cache hit)
2411 http cache is-weakref@https://registry.npmjs.org/is-weakref/-/is-weakref-1.1.1.tgz 0ms (cache hit)
2412 http cache is-typed-array@https://registry.npmjs.org/is-typed-array/-/is-typed-array-1.1.15.tgz 0ms (cache hit)
2413 http cache is-set@https://registry.npmjs.org/is-set/-/is-set-2.0.3.tgz 0ms (cache hit)
2414 http cache is-shared-array-buffer@https://registry.npmjs.org/is-shared-array-buffer/-/is-shared-array-buffer-1.0.4.tgz 0ms (cache hit)
2415 http cache is-data-view@https://registry.npmjs.org/is-data-view/-/is-data-view-1.0.2.tgz 0ms (cache hit)
2416 http cache is-regex@https://registry.npmjs.org/is-regex/-/is-regex-1.2.1.tgz 0ms (cache hit)
2417 http cache is-array-buffer@https://registry.npmjs.org/is-array-buffer/-/is-array-buffer-3.0.5.tgz 0ms (cache hit)
2418 http cache regexp.prototype.flags@https://registry.npmjs.org/regexp.prototype.flags/-/regexp.prototype.flags-1.5.4.tgz 0ms (cache hit)
2419 http cache internal-slot@https://registry.npmjs.org/internal-slot/-/internal-slot-1.1.0.tgz 0ms (cache hit)
2420 http cache is-negative-zero@https://registry.npmjs.org/is-negative-zero/-/is-negative-zero-2.0.3.tgz 0ms (cache hit)
2421 http cache has-symbols@https://registry.npmjs.org/has-symbols/-/has-symbols-1.1.0.tgz 0ms (cache hit)
2422 http cache get-proto@https://registry.npmjs.org/get-proto/-/get-proto-1.0.1.tgz 0ms (cache hit)
2423 http cache globalthis@https://registry.npmjs.org/globalthis/-/globalthis-1.0.4.tgz 0ms (cache hit)
2424 http cache function.prototype.name@https://registry.npmjs.org/function.prototype.name/-/function.prototype.name-1.1.8.tgz 0ms (cache hit)
2425 http cache is-callable@https://registry.npmjs.org/is-callable/-/is-callable-1.2.7.tgz 0ms (cache hit)
2426 http cache es-set-tostringtag@https://registry.npmjs.org/es-set-tostringtag/-/es-set-tostringtag-2.1.0.tgz 0ms (cache hit)
2427 http cache es-to-primitive@https://registry.npmjs.org/es-to-primitive/-/es-to-primitive-1.3.0.tgz 0ms (cache hit)
2428 http cache data-view-byte-length@https://registry.npmjs.org/data-view-byte-length/-/data-view-byte-length-1.0.2.tgz 0ms (cache hit)
2429 http cache data-view-byte-offset@https://registry.npmjs.org/data-view-byte-offset/-/data-view-byte-offset-1.0.1.tgz 0ms (cache hit)
2430 http cache data-view-buffer@https://registry.npmjs.org/data-view-buffer/-/data-view-buffer-1.0.2.tgz 0ms (cache hit)
2431 http cache get-symbol-description@https://registry.npmjs.org/get-symbol-description/-/get-symbol-description-1.1.0.tgz 0ms (cache hit)
2432 http cache available-typed-arrays@https://registry.npmjs.org/available-typed-arrays/-/available-typed-arrays-1.0.7.tgz 0ms (cache hit)
2433 http cache arraybuffer.prototype.slice@https://registry.npmjs.org/arraybuffer.prototype.slice/-/arraybuffer.prototype.slice-1.0.4.tgz 0ms (cache hit)
2434 http cache object-keys@https://registry.npmjs.org/object-keys/-/object-keys-1.1.1.tgz 0ms (cache hit)
2435 http cache has-proto@https://registry.npmjs.org/has-proto/-/has-proto-1.2.0.tgz 0ms (cache hit)
2436 http cache gopd@https://registry.npmjs.org/gopd/-/gopd-1.2.0.tgz 0ms (cache hit)
2437 http cache has-property-descriptors@https://registry.npmjs.org/has-property-descriptors/-/has-property-descriptors-1.0.2.tgz 0ms (cache hit)
2438 http cache set-function-length@https://registry.npmjs.org/set-function-length/-/set-function-length-1.2.2.tgz 0ms (cache hit)
2439 http cache function-bind@https://registry.npmjs.org/function-bind/-/function-bind-1.1.2.tgz 0ms (cache hit)
2440 http cache call-bind-apply-helpers@https://registry.npmjs.org/call-bind-apply-helpers/-/call-bind-apply-helpers-1.0.2.tgz 0ms (cache hit)
2441 http cache array-buffer-byte-length@https://registry.npmjs.org/array-buffer-byte-length/-/array-buffer-byte-length-1.0.2.tgz 0ms (cache hit)
2442 http cache es-define-property@https://registry.npmjs.org/es-define-property/-/es-define-property-1.0.1.tgz 0ms (cache hit)
2443 http cache es-shim-unscopables@https://registry.npmjs.org/es-shim-unscopables/-/es-shim-unscopables-1.1.0.tgz 0ms (cache hit)
2444 http cache define-data-property@https://registry.npmjs.org/define-data-property/-/define-data-property-1.1.4.tgz 1ms (cache hit)
2445 http cache is-string@https://registry.npmjs.org/is-string/-/is-string-1.1.1.tgz 0ms (cache hit)
2446 http cache es-abstract@https://registry.npmjs.org/es-abstract/-/es-abstract-1.24.2.tgz 0ms (cache hit)
2447 http cache math-intrinsics@https://registry.npmjs.org/math-intrinsics/-/math-intrinsics-1.1.0.tgz 0ms (cache hit)
2448 http cache es-errors@https://registry.npmjs.org/es-errors/-/es-errors-1.3.0.tgz 0ms (cache hit)
2449 http cache es-object-atoms@https://registry.npmjs.org/es-object-atoms/-/es-object-atoms-1.1.1.tgz 0ms (cache hit)
2450 http cache define-properties@https://registry.npmjs.org/define-properties/-/define-properties-1.2.1.tgz 0ms (cache hit)
2451 http cache tsconfig-paths@https://registry.npmjs.org/tsconfig-paths/-/tsconfig-paths-3.15.0.tgz 0ms (cache hit)
2452 http cache call-bound@https://registry.npmjs.org/call-bound/-/call-bound-1.0.4.tgz 0ms (cache hit)
2453 http cache object.groupby@https://registry.npmjs.org/object.groupby/-/object.groupby-1.0.3.tgz 0ms (cache hit)
2454 http cache get-intrinsic@https://registry.npmjs.org/get-intrinsic/-/get-intrinsic-1.3.0.tgz 0ms (cache hit)
2455 http cache object.values@https://registry.npmjs.org/object.values/-/object.values-1.2.1.tgz 0ms (cache hit)
2456 http cache hasown@https://registry.npmjs.org/hasown/-/hasown-2.0.3.tgz 0ms (cache hit)
2457 http cache call-bind@https://registry.npmjs.org/call-bind/-/call-bind-1.0.9.tgz 0ms (cache hit)
2458 http cache doctrine@https://registry.npmjs.org/doctrine/-/doctrine-2.1.0.tgz 0ms (cache hit)
2459 http cache object.fromentries@https://registry.npmjs.org/object.fromentries/-/object.fromentries-2.0.8.tgz 0ms (cache hit)
2460 http cache eslint-module-utils@https://registry.npmjs.org/eslint-module-utils/-/eslint-module-utils-2.12.1.tgz 0ms (cache hit)
2461 http cache @rtsao/scc@https://registry.npmjs.org/@rtsao/scc/-/scc-1.1.0.tgz 0ms (cache hit)
2462 http cache array.prototype.flat@https://registry.npmjs.org/array.prototype.flat/-/array.prototype.flat-1.3.3.tgz 0ms (cache hit)
2463 http cache string.prototype.trimend@https://registry.npmjs.org/string.prototype.trimend/-/string.prototype.trimend-1.0.9.tgz 0ms (cache hit)
2464 http cache array-includes@https://registry.npmjs.org/array-includes/-/array-includes-3.1.9.tgz 0ms (cache hit)
2465 http cache unrs-resolver@https://registry.npmjs.org/unrs-resolver/-/unrs-resolver-1.11.1.tgz 0ms (cache hit)
2466 http cache array.prototype.flatmap@https://registry.npmjs.org/array.prototype.flatmap/-/array.prototype.flatmap-1.3.3.tgz 0ms (cache hit)
2467 http cache resolve@https://registry.npmjs.org/resolve/-/resolve-2.0.0-next.6.tgz 0ms (cache hit)
2468 http cache array.prototype.findlastindex@https://registry.npmjs.org/array.prototype.findlastindex/-/array.prototype.findlastindex-1.2.6.tgz 0ms (cache hit)
2469 http cache is-core-module@https://registry.npmjs.org/is-core-module/-/is-core-module-2.16.2.tgz 0ms (cache hit)
2470 http cache is-bun-module@https://registry.npmjs.org/is-bun-module/-/is-bun-module-2.0.0.tgz 0ms (cache hit)
2471 http cache tinyglobby@https://registry.npmjs.org/tinyglobby/-/tinyglobby-0.2.16.tgz 0ms (cache hit)
2472 http cache @nolyfill/is-core-module@https://registry.npmjs.org/@nolyfill/is-core-module/-/is-core-module-1.0.39.tgz 0ms (cache hit)
2473 http cache stable-hash@https://registry.npmjs.org/stable-hash/-/stable-hash-0.0.5.tgz 0ms (cache hit)
2474 http cache semver@https://registry.npmjs.org/semver/-/semver-7.8.0.tgz 0ms (cache hit)
2475 http cache @typescript-eslint/typescript-estree@https://registry.npmjs.org/@typescript-eslint/typescript-estree/-/typescript-estree-8.59.2.tgz 0ms (cache hit)
2476 http cache @typescript-eslint/tsconfig-utils@https://registry.npmjs.org/@typescript-eslint/tsconfig-utils/-/tsconfig-utils-8.59.2.tgz 0ms (cache hit)
2477 http cache @typescript-eslint/project-service@https://registry.npmjs.org/@typescript-eslint/project-service/-/project-service-8.59.2.tgz 0ms (cache hit)
2478 http cache get-tsconfig@https://registry.npmjs.org/get-tsconfig/-/get-tsconfig-4.14.0.tgz 0ms (cache hit)
2479 http cache ts-api-utils@https://registry.npmjs.org/ts-api-utils/-/ts-api-utils-2.5.0.tgz 0ms (cache hit)
2480 http cache @typescript-eslint/utils@https://registry.npmjs.org/@typescript-eslint/utils/-/utils-8.59.2.tgz 0ms (cache hit)
2481 http cache @typescript-eslint/visitor-keys@https://registry.npmjs.org/@typescript-eslint/visitor-keys/-/visitor-keys-8.59.2.tgz 0ms (cache hit)
2482 http cache @typescript-eslint/type-utils@https://registry.npmjs.org/@typescript-eslint/type-utils/-/type-utils-8.59.2.tgz 0ms (cache hit)
2483 http cache eslint-plugin-react@https://registry.npmjs.org/eslint-plugin-react/-/eslint-plugin-react-7.37.5.tgz 0ms (cache hit)
2484 http cache @typescript-eslint/scope-manager@https://registry.npmjs.org/@typescript-eslint/scope-manager/-/scope-manager-8.59.2.tgz 0ms (cache hit)
2485 http cache eslint-plugin-react-hooks@https://registry.npmjs.org/eslint-plugin-react-hooks/-/eslint-plugin-react-hooks-5.2.0.tgz 0ms (cache hit)
2486 http cache fast-glob@https://registry.npmjs.org/fast-glob/-/fast-glob-3.3.1.tgz 0ms (cache hit)
2487 http cache eslint-import-resolver-typescript@https://registry.npmjs.org/eslint-import-resolver-typescript/-/eslint-import-resolver-typescript-3.10.1.tgz 0ms (cache hit)
2488 http cache eslint-plugin-jsx-a11y@https://registry.npmjs.org/eslint-plugin-jsx-a11y/-/eslint-plugin-jsx-a11y-6.10.2.tgz 0ms (cache hit)
2489 http cache eslint-plugin-import@https://registry.npmjs.org/eslint-plugin-import/-/eslint-plugin-import-2.32.0.tgz 0ms (cache hit)
2490 http cache eslint-import-resolver-node@https://registry.npmjs.org/eslint-import-resolver-node/-/eslint-import-resolver-node-0.3.10.tgz 0ms (cache hit)
2491 http cache @typescript-eslint/parser@https://registry.npmjs.org/@typescript-eslint/parser/-/parser-8.59.2.tgz 0ms (cache hit)
2492 http cache @typescript-eslint/eslint-plugin@https://registry.npmjs.org/@typescript-eslint/eslint-plugin/-/eslint-plugin-8.59.2.tgz 0ms (cache hit)
2493 http cache @typescript-eslint/types@https://registry.npmjs.org/@typescript-eslint/types/-/types-8.59.2.tgz 0ms (cache hit)
2494 http cache @next/eslint-plugin-next@https://registry.npmjs.org/@next/eslint-plugin-next/-/eslint-plugin-next-15.3.3.tgz 0ms (cache hit)
2495 http cache @rushstack/eslint-patch@https://registry.npmjs.org/@rushstack/eslint-patch/-/eslint-patch-1.16.1.tgz 0ms (cache hit)
2496 http cache path-key@https://registry.npmjs.org/path-key/-/path-key-3.1.1.tgz 0ms (cache hit)
2497 http cache supports-color@https://registry.npmjs.org/supports-color/-/supports-color-7.2.0.tgz 0ms (cache hit)
2498 http cache shebang-command@https://registry.npmjs.org/shebang-command/-/shebang-command-2.0.0.tgz 0ms (cache hit)
2499 http cache color-name@https://registry.npmjs.org/color-name/-/color-name-1.1.4.tgz 0ms (cache hit)
2500 http cache @humanfs/types@https://registry.npmjs.org/@humanfs/types/-/types-0.15.0.tgz 0ms (cache hit)
2501 http cache ansi-styles@https://registry.npmjs.org/ansi-styles/-/ansi-styles-4.3.0.tgz 0ms (cache hit)
2502 http cache color-convert@https://registry.npmjs.org/color-convert/-/color-convert-2.0.1.tgz 0ms (cache hit)
2503 http cache @types/json-schema@https://registry.npmjs.org/@types/json-schema/-/json-schema-7.0.15.tgz 0ms (cache hit)
2504 http cache levn@https://registry.npmjs.org/levn/-/levn-0.4.1.tgz 0ms (cache hit)
2505 http cache @eslint/object-schema@https://registry.npmjs.org/@eslint/object-schema/-/object-schema-2.1.7.tgz 0ms (cache hit)
2506 http cache @humanfs/core@https://registry.npmjs.org/@humanfs/core/-/core-0.19.2.tgz 0ms (cache hit)
2507 http cache optionator@https://registry.npmjs.org/optionator/-/optionator-0.9.4.tgz 0ms (cache hit)
2508 http cache lodash.merge@https://registry.npmjs.org/lodash.merge/-/lodash.merge-4.6.2.tgz 0ms (cache hit)
2509 http cache which@https://registry.npmjs.org/which/-/which-2.0.2.tgz 0ms (cache hit)
2510 http cache natural-compare@https://registry.npmjs.org/natural-compare/-/natural-compare-1.4.0.tgz 0ms (cache hit)
2511 http cache imurmurhash@https://registry.npmjs.org/imurmurhash/-/imurmurhash-0.1.4.tgz 0ms (cache hit)
2512 http cache glob-parent@https://registry.npmjs.org/glob-parent/-/glob-parent-6.0.2.tgz 0ms (cache hit)
2513 http cache is-glob@https://registry.npmjs.org/is-glob/-/is-glob-4.0.3.tgz 0ms (cache hit)
2514 http cache esutils@https://registry.npmjs.org/esutils/-/esutils-2.0.3.tgz 0ms (cache hit)
2515 http cache file-entry-cache@https://registry.npmjs.org/file-entry-cache/-/file-entry-cache-8.0.0.tgz 0ms (cache hit)
2516 http cache escape-string-regexp@https://registry.npmjs.org/escape-string-regexp/-/escape-string-regexp-4.0.0.tgz 0ms (cache hit)
2517 http cache eslint-scope@https://registry.npmjs.org/eslint-scope/-/eslint-scope-8.4.0.tgz 0ms (cache hit)
2518 http cache eslint-visitor-keys@https://registry.npmjs.org/eslint-visitor-keys/-/eslint-visitor-keys-4.2.1.tgz 0ms (cache hit)
2519 http cache find-up@https://registry.npmjs.org/find-up/-/find-up-5.0.0.tgz 0ms (cache hit)
2520 http cache json-stable-stringify-without-jsonify@https://registry.npmjs.org/json-stable-stringify-without-jsonify/-/json-stable-stringify-without-jsonify-1.0.1.tgz 0ms (cache hit)
2521 http cache @humanwhocodes/retry@https://registry.npmjs.org/@humanwhocodes/retry/-/retry-0.4.3.tgz 0ms (cache hit)
2522 http cache cross-spawn@https://registry.npmjs.org/cross-spawn/-/cross-spawn-7.0.6.tgz 0ms (cache hit)
2523 http cache @eslint/plugin-kit@https://registry.npmjs.org/@eslint/plugin-kit/-/plugin-kit-0.4.1.tgz 0ms (cache hit)
2524 http cache chalk@https://registry.npmjs.org/chalk/-/chalk-4.1.2.tgz 0ms (cache hit)
2525 http cache @eslint/config-helpers@https://registry.npmjs.org/@eslint/config-helpers/-/config-helpers-0.4.2.tgz 0ms (cache hit)
2526 http cache @types/estree@https://registry.npmjs.org/@types/estree/-/estree-1.0.9.tgz 0ms (cache hit)
2527 http cache @humanwhocodes/module-importer@https://registry.npmjs.org/@humanwhocodes/module-importer/-/module-importer-1.0.1.tgz 0ms (cache hit)
2528 http cache @eslint/core@https://registry.npmjs.org/@eslint/core/-/core-0.17.0.tgz 0ms (cache hit)
2529 http cache esquery@https://registry.npmjs.org/esquery/-/esquery-1.7.0.tgz 0ms (cache hit)
2530 http cache graceful-fs@https://registry.npmjs.org/graceful-fs/-/graceful-fs-4.2.11.tgz 0ms (cache hit)
2531 http cache ms@https://registry.npmjs.org/ms/-/ms-2.1.3.tgz 0ms (cache hit)
2532 http cache @eslint/config-array@https://registry.npmjs.org/@eslint/config-array/-/config-array-0.21.2.tgz 0ms (cache hit)
2533 http cache @eslint/js@https://registry.npmjs.org/@eslint/js/-/js-9.39.4.tgz 0ms (cache hit)
2534 http cache @humanfs/node@https://registry.npmjs.org/@humanfs/node/-/node-0.16.8.tgz 0ms (cache hit)
2535 http cache @eslint-community/regexpp@https://registry.npmjs.org/@eslint-community/regexpp/-/regexpp-4.12.2.tgz 0ms (cache hit)
2536 http cache @eslint-community/eslint-utils@https://registry.npmjs.org/@eslint-community/eslint-utils/-/eslint-utils-4.9.1.tgz 0ms (cache hit)
2537 http cache tapable@https://registry.npmjs.org/tapable/-/tapable-2.3.3.tgz 0ms (cache hit)
2538 http cache uri-js@https://registry.npmjs.org/uri-js/-/uri-js-4.4.1.tgz 0ms (cache hit)
2539 http cache fast-json-stable-stringify@https://registry.npmjs.org/fast-json-stable-stringify/-/fast-json-stable-stringify-2.1.0.tgz 0ms (cache hit)
2540 http cache fast-deep-equal@https://registry.npmjs.org/fast-deep-equal/-/fast-deep-equal-3.1.3.tgz 0ms (cache hit)
2541 http cache undici-types@https://registry.npmjs.org/undici-types/-/undici-types-6.21.0.tgz 0ms (cache hit)
2542 http cache @jridgewell/sourcemap-codec@https://registry.npmjs.org/@jridgewell/sourcemap-codec/-/sourcemap-codec-1.5.5.tgz 0ms (cache hit)
2543 http cache @jridgewell/resolve-uri@https://registry.npmjs.org/@jridgewell/resolve-uri/-/resolve-uri-3.1.2.tgz 0ms (cache hit)
2544 http cache json-schema-traverse@https://registry.npmjs.org/json-schema-traverse/-/json-schema-traverse-0.4.1.tgz 0ms (cache hit)
2545 http cache @jridgewell/trace-mapping@https://registry.npmjs.org/@jridgewell/trace-mapping/-/trace-mapping-0.3.31.tgz 0ms (cache hit)
2546 http cache @jridgewell/gen-mapping@https://registry.npmjs.org/@jridgewell/gen-mapping/-/gen-mapping-0.3.13.tgz 0ms (cache hit)
2547 http cache jiti@https://registry.npmjs.org/jiti/-/jiti-2.7.0.tgz 0ms (cache hit)
2548 http cache @tailwindcss/oxide-win32-x64-msvc@https://registry.npmjs.org/@tailwindcss/oxide-win32-x64-msvc/-/oxide-win32-x64-msvc-4.3.0.tgz 0ms (cache hit)
2549 http cache csstype@https://registry.npmjs.org/csstype/-/csstype-3.2.3.tgz 0ms (cache hit)
2550 http cache source-map-js@https://registry.npmjs.org/source-map-js/-/source-map-js-1.2.1.tgz 0ms (cache hit)
2551 http cache magic-string@https://registry.npmjs.org/magic-string/-/magic-string-0.30.21.tgz 0ms (cache hit)
2552 http cache lightningcss@https://registry.npmjs.org/lightningcss/-/lightningcss-1.32.0.tgz 0ms (cache hit)
2553 http cache @tailwindcss/oxide@https://registry.npmjs.org/@tailwindcss/oxide/-/oxide-4.3.0.tgz 0ms (cache hit)
2554 http cache enhanced-resolve@https://registry.npmjs.org/enhanced-resolve/-/enhanced-resolve-5.21.2.tgz 0ms (cache hit)
2555 http cache @jridgewell/remapping@https://registry.npmjs.org/@jridgewell/remapping/-/remapping-2.3.5.tgz 0ms (cache hit)
2556 http cache @tailwindcss/node@https://registry.npmjs.org/@tailwindcss/node/-/node-4.3.0.tgz 0ms (cache hit)
2557 http cache @alloc/quick-lru@https://registry.npmjs.org/@alloc/quick-lru/-/quick-lru-5.2.0.tgz 0ms (cache hit)
2558 http cache minimatch@https://registry.npmjs.org/minimatch/-/minimatch-3.1.5.tgz 0ms (cache hit)
2559 http cache postcss@https://registry.npmjs.org/postcss/-/postcss-8.5.14.tgz 0ms (cache hit)
2560 http cache import-fresh@https://registry.npmjs.org/import-fresh/-/import-fresh-3.3.1.tgz 0ms (cache hit)
2561 http cache js-yaml@https://registry.npmjs.org/js-yaml/-/js-yaml-4.1.1.tgz 0ms (cache hit)
2562 http cache globals@https://registry.npmjs.org/globals/-/globals-14.0.0.tgz 0ms (cache hit)
2563 http cache strip-json-comments@https://registry.npmjs.org/strip-json-comments/-/strip-json-comments-3.1.1.tgz 0ms (cache hit)
2564 http cache espree@https://registry.npmjs.org/espree/-/espree-10.4.0.tgz 0ms (cache hit)
2565 http cache ignore@https://registry.npmjs.org/ignore/-/ignore-5.3.2.tgz 0ms (cache hit)
2566 http cache debug@https://registry.npmjs.org/debug/-/debug-4.4.3.tgz 0ms (cache hit)
2567 http cache ajv@https://registry.npmjs.org/ajv/-/ajv-6.15.0.tgz 0ms (cache hit)
2568 http cache typescript@https://registry.npmjs.org/typescript/-/typescript-5.9.3.tgz 0ms (cache hit)
2569 http cache eslint-config-next@https://registry.npmjs.org/eslint-config-next/-/eslint-config-next-15.3.3.tgz 0ms (cache hit)
2570 http cache @types/react@https://registry.npmjs.org/@types/react/-/react-19.2.14.tgz 0ms (cache hit)
2571 http cache @types/node@https://registry.npmjs.org/@types/node/-/node-20.19.40.tgz 0ms (cache hit)
2572 http cache tailwindcss@https://registry.npmjs.org/tailwindcss/-/tailwindcss-4.3.0.tgz 0ms (cache hit)
2573 http cache @types/react-dom@https://registry.npmjs.org/@types/react-dom/-/react-dom-19.2.3.tgz 0ms (cache hit)
2574 http cache react@https://registry.npmjs.org/react/-/react-19.2.6.tgz 0ms (cache hit)
2575 http cache @tailwindcss/postcss@https://registry.npmjs.org/@tailwindcss/postcss/-/postcss-4.3.0.tgz 0ms (cache hit)
2576 http cache next@https://registry.npmjs.org/next/-/next-15.3.3.tgz 0ms (cache hit)
2577 http cache eslint@https://registry.npmjs.org/eslint/-/eslint-9.39.4.tgz 0ms (cache hit)
2578 http cache react-dom@https://registry.npmjs.org/react-dom/-/react-dom-19.2.6.tgz 0ms (cache hit)
2579 http cache @eslint/eslintrc@https://registry.npmjs.org/@eslint/eslintrc/-/eslintrc-3.3.5.tgz 0ms (cache hit)
2580 http cache picomatch@https://registry.npmjs.org/picomatch/-/picomatch-4.0.4.tgz 0ms (cache hit)
2581 http cache debug@https://registry.npmjs.org/debug/-/debug-3.2.7.tgz 0ms (cache hit)
2582 http cache semver@https://registry.npmjs.org/semver/-/semver-6.3.1.tgz 0ms (cache hit)
2583 http cache fdir@https://registry.npmjs.org/fdir/-/fdir-6.5.0.tgz 0ms (cache hit)
2584 http cache eslint-visitor-keys@https://registry.npmjs.org/eslint-visitor-keys/-/eslint-visitor-keys-5.0.1.tgz 0ms (cache hit)
2585 http cache brace-expansion@https://registry.npmjs.org/brace-expansion/-/brace-expansion-5.0.6.tgz 0ms (cache hit)
2586 http cache semver@https://registry.npmjs.org/semver/-/semver-6.3.1.tgz 0ms (cache hit)
2587 http cache balanced-match@https://registry.npmjs.org/balanced-match/-/balanced-match-4.0.4.tgz 0ms (cache hit)
2588 http cache glob-parent@https://registry.npmjs.org/glob-parent/-/glob-parent-5.1.2.tgz 0ms (cache hit)
2589 http cache debug@https://registry.npmjs.org/debug/-/debug-3.2.7.tgz 0ms (cache hit)
2590 http cache minimatch@https://registry.npmjs.org/minimatch/-/minimatch-10.2.5.tgz 0ms (cache hit)
2591 http cache ignore@https://registry.npmjs.org/ignore/-/ignore-7.0.5.tgz 0ms (cache hit)
2592 http cache semver@https://registry.npmjs.org/semver/-/semver-6.3.1.tgz 0ms (cache hit)
2593 http cache eslint-visitor-keys@https://registry.npmjs.org/eslint-visitor-keys/-/eslint-visitor-keys-3.4.3.tgz 0ms (cache hit)
2594 silly tarball no local data for is-weakmap@https://registry.npmjs.org/is-weakmap/-/is-weakmap-2.0.2.tgz. Extracting by manifest.
2595 http cache debug@https://registry.npmjs.org/debug/-/debug-3.2.7.tgz 0ms (cache hit)
2596 silly tarball no local data for generator-function@https://registry.npmjs.org/generator-function/-/generator-function-2.0.1.tgz. Extracting by manifest.
2597 silly tarball no local data for is-weakset@https://registry.npmjs.org/is-weakset/-/is-weakset-2.0.4.tgz. Extracting by manifest.
2598 silly tarball no local data for is-generator-function@https://registry.npmjs.org/is-generator-function/-/is-generator-function-1.1.2.tgz. Extracting by manifest.
2599 silly tarball no local data for is-map@https://registry.npmjs.org/is-map/-/is-map-2.0.3.tgz. Extracting by manifest.
2600 silly tarball no local data for is-finalizationregistry@https://registry.npmjs.org/is-finalizationregistry/-/is-finalizationregistry-1.1.1.tgz. Extracting by manifest.
2601 silly tarball no local data for async-function@https://registry.npmjs.org/async-function/-/async-function-1.0.0.tgz. Extracting by manifest.
2602 silly tarball no local data for isexe@https://registry.npmjs.org/isexe/-/isexe-2.0.0.tgz. Extracting by manifest.
2603 silly tarball no local data for is-boolean-object@https://registry.npmjs.org/is-boolean-object/-/is-boolean-object-1.2.2.tgz. Extracting by manifest.
2604 silly tarball no local data for which-collection@https://registry.npmjs.org/which-collection/-/which-collection-1.0.2.tgz. Extracting by manifest.
2605 silly tarball no local data for is-number-object@https://registry.npmjs.org/is-number-object/-/is-number-object-1.1.1.tgz. Extracting by manifest.
2606 silly tarball no local data for is-async-function@https://registry.npmjs.org/is-async-function/-/is-async-function-2.1.1.tgz. Extracting by manifest.
2607 silly tarball no local data for punycode@https://registry.npmjs.org/punycode/-/punycode-2.3.1.tgz. Extracting by manifest.
2608 http cache postcss@https://registry.npmjs.org/postcss/-/postcss-8.4.31.tgz 0ms (cache hit)
2609 silly tarball no local data for napi-postinstall@https://registry.npmjs.org/napi-postinstall/-/napi-postinstall-0.3.4.tgz. Extracting by manifest.
2610 silly tarball no local data for is-bigint@https://registry.npmjs.org/is-bigint/-/is-bigint-1.1.0.tgz. Extracting by manifest.
2611 silly tarball no local data for which-builtin-type@https://registry.npmjs.org/which-builtin-type/-/which-builtin-type-1.2.1.tgz. Extracting by manifest.
2612 silly tarball no local data for has-bigints@https://registry.npmjs.org/has-bigints/-/has-bigints-1.1.0.tgz. Extracting by manifest.
2613 silly tarball no local data for @unrs/resolver-binding-win32-x64-msvc@https://registry.npmjs.org/@unrs/resolver-binding-win32-x64-msvc/-/resolver-binding-win32-x64-msvc-1.11.1.tgz. Extracting by manifest.
2614 silly tarball no local data for reflect.getprototypeof@https://registry.npmjs.org/reflect.getprototypeof/-/reflect.getprototypeof-1.0.10.tgz. Extracting by manifest.
2615 silly tarball no local data for @types/json5@https://registry.npmjs.org/@types/json5/-/json5-0.0.29.tgz. Extracting by manifest.
2616 silly tarball no local data for which-boxed-primitive@https://registry.npmjs.org/which-boxed-primitive/-/which-boxed-primitive-1.1.1.tgz. Extracting by manifest.
2617 silly tarball no local data for strip-bom@https://registry.npmjs.org/strip-bom/-/strip-bom-3.0.0.tgz. Extracting by manifest.
2618 silly tarball no local data for for-each@https://registry.npmjs.org/for-each/-/for-each-0.3.5.tgz. Extracting by manifest.
2619 silly tarball no local data for minimist@https://registry.npmjs.org/minimist/-/minimist-1.2.8.tgz. Extracting by manifest.
2620 silly tarball no local data for json5@https://registry.npmjs.org/json5/-/json5-1.0.2.tgz. Extracting by manifest.
2621 silly tarball no local data for client-only@https://registry.npmjs.org/client-only/-/client-only-0.0.1.tgz. Extracting by manifest.
2622 silly tarball no local data for has-flag@https://registry.npmjs.org/has-flag/-/has-flag-4.0.0.tgz. Extracting by manifest.
2623 silly tarball no local data for side-channel-map@https://registry.npmjs.org/side-channel-map/-/side-channel-map-1.0.1.tgz. Extracting by manifest.
2624 silly tarball no local data for shebang-regex@https://registry.npmjs.org/shebang-regex/-/shebang-regex-3.0.0.tgz. Extracting by manifest.
2625 silly tarball no local data for is-number@https://registry.npmjs.org/is-number/-/is-number-7.0.0.tgz. Extracting by manifest.
2626 silly tarball no local data for isarray@https://registry.npmjs.org/isarray/-/isarray-2.0.5.tgz. Extracting by manifest.
2627 silly tarball no local data for side-channel-list@https://registry.npmjs.org/side-channel-list/-/side-channel-list-1.0.1.tgz. Extracting by manifest.
2628 silly tarball no local data for @img/sharp-win32-x64@https://registry.npmjs.org/@img/sharp-win32-x64/-/sharp-win32-x64-0.34.5.tgz. Extracting by manifest.
2629 silly tarball no local data for @img/colour@https://registry.npmjs.org/@img/colour/-/colour-1.1.0.tgz. Extracting by manifest.
2630 silly tarball no local data for queue-microtask@https://registry.npmjs.org/queue-microtask/-/queue-microtask-1.2.3.tgz. Extracting by manifest.
2631 silly tarball no local data for side-channel-weakmap@https://registry.npmjs.org/side-channel-weakmap/-/side-channel-weakmap-1.0.2.tgz. Extracting by manifest.
2632 silly tarball no local data for path-parse@https://registry.npmjs.org/path-parse/-/path-parse-1.0.7.tgz. Extracting by manifest.
2633 silly tarball no local data for scheduler@https://registry.npmjs.org/scheduler/-/scheduler-0.27.0.tgz. Extracting by manifest.
2634 silly tarball no local data for supports-preserve-symlinks-flag@https://registry.npmjs.org/supports-preserve-symlinks-flag/-/supports-preserve-symlinks-flag-1.0.0.tgz. Extracting by manifest.
2635 silly tarball no local data for object-assign@https://registry.npmjs.org/object-assign/-/object-assign-4.1.1.tgz. Extracting by manifest.
2636 silly tarball no local data for react-is@https://registry.npmjs.org/react-is/-/react-is-16.13.1.tgz. Extracting by manifest.
2637 silly tarball no local data for callsites@https://registry.npmjs.org/callsites/-/callsites-3.1.0.tgz. Extracting by manifest.
2638 silly tarball no local data for loose-envify@https://registry.npmjs.org/loose-envify/-/loose-envify-1.4.0.tgz. Extracting by manifest.
2639 silly tarball no local data for js-tokens@https://registry.npmjs.org/js-tokens/-/js-tokens-4.0.0.tgz. Extracting by manifest.
2640 silly tarball no local data for nanoid@https://registry.npmjs.org/nanoid/-/nanoid-3.3.12.tgz. Extracting by manifest.
2641 silly tarball no local data for picocolors@https://registry.npmjs.org/picocolors/-/picocolors-1.1.1.tgz. Extracting by manifest.
2642 silly tarball no local data for yocto-queue@https://registry.npmjs.org/yocto-queue/-/yocto-queue-0.1.0.tgz. Extracting by manifest.
2643 silly tarball no local data for word-wrap@https://registry.npmjs.org/word-wrap/-/word-wrap-1.2.5.tgz. Extracting by manifest.
2644 silly tarball no local data for deep-is@https://registry.npmjs.org/deep-is/-/deep-is-0.1.4.tgz. Extracting by manifest.
2645 silly tarball no local data for fast-levenshtein@https://registry.npmjs.org/fast-levenshtein/-/fast-levenshtein-2.0.6.tgz. Extracting by manifest.
2646 silly tarball no local data for p-limit@https://registry.npmjs.org/p-limit/-/p-limit-3.1.0.tgz. Extracting by manifest.
2647 silly tarball no local data for streamsearch@https://registry.npmjs.org/streamsearch/-/streamsearch-1.1.0.tgz. Extracting by manifest.
2648 silly tarball no local data for node-exports-info@https://registry.npmjs.org/node-exports-info/-/node-exports-info-1.6.0.tgz. Extracting by manifest.
2649 silly tarball no local data for styled-jsx@https://registry.npmjs.org/styled-jsx/-/styled-jsx-5.1.6.tgz. Extracting by manifest.
2650 silly tarball no local data for caniuse-lite@https://registry.npmjs.org/caniuse-lite/-/caniuse-lite-1.0.30001792.tgz. Extracting by manifest.
2651 silly tarball no local data for sharp@https://registry.npmjs.org/sharp/-/sharp-0.34.5.tgz. Extracting by manifest.
2652 silly tarball no local data for busboy@https://registry.npmjs.org/busboy/-/busboy-1.6.0.tgz. Extracting by manifest.
2653 silly tarball no local data for @swc/helpers@https://registry.npmjs.org/@swc/helpers/-/helpers-0.5.15.tgz. Extracting by manifest.
2654 silly tarball no local data for tslib@https://registry.npmjs.org/tslib/-/tslib-2.8.1.tgz. Extracting by manifest.
2655 silly tarball no local data for @next/env@https://registry.npmjs.org/@next/env/-/env-15.3.3.tgz. Extracting by manifest.
2656 silly tarball no local data for @swc/counter@https://registry.npmjs.org/@swc/counter/-/counter-0.1.3.tgz. Extracting by manifest.
2657 silly tarball no local data for to-regex-range@https://registry.npmjs.org/to-regex-range/-/to-regex-range-5.0.1.tgz. Extracting by manifest.
2658 silly tarball no local data for balanced-match@https://registry.npmjs.org/balanced-match/-/balanced-match-1.0.2.tgz. Extracting by manifest.
2659 silly tarball no local data for brace-expansion@https://registry.npmjs.org/brace-expansion/-/brace-expansion-1.1.14.tgz. Extracting by manifest.
2660 silly tarball no local data for @next/swc-win32-x64-msvc@https://registry.npmjs.org/@next/swc-win32-x64-msvc/-/swc-win32-x64-msvc-15.3.3.tgz. Extracting by manifest.
2661 silly tarball no local data for concat-map@https://registry.npmjs.org/concat-map/-/concat-map-0.0.1.tgz. Extracting by manifest.
2662 silly tarball no local data for picomatch@https://registry.npmjs.org/picomatch/-/picomatch-2.3.2.tgz. Extracting by manifest.
2663 silly tarball no local data for detect-libc@https://registry.npmjs.org/detect-libc/-/detect-libc-2.1.2.tgz. Extracting by manifest.
2664 silly tarball no local data for braces@https://registry.npmjs.org/braces/-/braces-3.0.3.tgz. Extracting by manifest.
2665 silly tarball no local data for fill-range@https://registry.npmjs.org/fill-range/-/fill-range-7.1.1.tgz. Extracting by manifest.
2666 silly tarball no local data for lightningcss-win32-x64-msvc@https://registry.npmjs.org/lightningcss-win32-x64-msvc/-/lightningcss-win32-x64-msvc-1.32.0.tgz. Extracting by manifest.
2667 silly tarball no local data for type-check@https://registry.npmjs.org/type-check/-/type-check-0.4.0.tgz. Extracting by manifest.
2668 silly tarball no local data for set-function-name@https://registry.npmjs.org/set-function-name/-/set-function-name-2.0.2.tgz. Extracting by manifest.
2669 silly tarball no local data for prelude-ls@https://registry.npmjs.org/prelude-ls/-/prelude-ls-1.2.1.tgz. Extracting by manifest.
2670 silly tarball no local data for json-buffer@https://registry.npmjs.org/json-buffer/-/json-buffer-3.0.1.tgz. Extracting by manifest.
2671 silly tarball no local data for p-locate@https://registry.npmjs.org/p-locate/-/p-locate-5.0.0.tgz. Extracting by manifest.
2672 silly tarball no local data for is-extglob@https://registry.npmjs.org/is-extglob/-/is-extglob-2.1.1.tgz. Extracting by manifest.
2673 silly tarball no local data for argparse@https://registry.npmjs.org/argparse/-/argparse-2.0.1.tgz. Extracting by manifest.
2674 silly tarball no local data for language-subtag-registry@https://registry.npmjs.org/language-subtag-registry/-/language-subtag-registry-0.3.23.tgz. Extracting by manifest.
2675 silly tarball no local data for resolve-pkg-maps@https://registry.npmjs.org/resolve-pkg-maps/-/resolve-pkg-maps-1.0.0.tgz. Extracting by manifest.
2676 silly tarball no local data for functions-have-names@https://registry.npmjs.org/functions-have-names/-/functions-have-names-1.2.3.tgz. Extracting by manifest.
2677 silly tarball no local data for resolve-from@https://registry.npmjs.org/resolve-from/-/resolve-from-4.0.0.tgz. Extracting by manifest.
2678 silly tarball no local data for dunder-proto@https://registry.npmjs.org/dunder-proto/-/dunder-proto-1.0.1.tgz. Extracting by manifest.
2679 silly tarball no local data for side-channel@https://registry.npmjs.org/side-channel/-/side-channel-1.1.0.tgz. Extracting by manifest.
2680 silly tarball no local data for flatted@https://registry.npmjs.org/flatted/-/flatted-3.4.2.tgz. Extracting by manifest.
2681 silly tarball no local data for parent-module@https://registry.npmjs.org/parent-module/-/parent-module-1.0.1.tgz. Extracting by manifest.
2682 silly tarball no local data for keyv@https://registry.npmjs.org/keyv/-/keyv-4.5.4.tgz. Extracting by manifest.
2683 silly tarball no local data for path-exists@https://registry.npmjs.org/path-exists/-/path-exists-4.0.0.tgz. Extracting by manifest.
2684 silly tarball no local data for reusify@https://registry.npmjs.org/reusify/-/reusify-1.1.0.tgz. Extracting by manifest.
2685 silly tarball no local data for @nodelib/fs.scandir@https://registry.npmjs.org/@nodelib/fs.scandir/-/fs.scandir-2.1.5.tgz. Extracting by manifest.
2686 silly tarball no local data for locate-path@https://registry.npmjs.org/locate-path/-/locate-path-6.0.0.tgz. Extracting by manifest.
2687 silly tarball no local data for run-parallel@https://registry.npmjs.org/run-parallel/-/run-parallel-1.2.0.tgz. Extracting by manifest.
2688 silly tarball no local data for flat-cache@https://registry.npmjs.org/flat-cache/-/flat-cache-4.0.1.tgz. Extracting by manifest.
2689 silly tarball no local data for fastq@https://registry.npmjs.org/fastq/-/fastq-1.20.1.tgz. Extracting by manifest.
2690 silly tarball no local data for @nodelib/fs.walk@https://registry.npmjs.org/@nodelib/fs.walk/-/fs.walk-1.2.8.tgz. Extracting by manifest.
2691 silly tarball no local data for merge2@https://registry.npmjs.org/merge2/-/merge2-1.4.1.tgz. Extracting by manifest.
2692 silly tarball no local data for acorn-jsx@https://registry.npmjs.org/acorn-jsx/-/acorn-jsx-5.3.2.tgz. Extracting by manifest.
2693 silly tarball no local data for @nodelib/fs.stat@https://registry.npmjs.org/@nodelib/fs.stat/-/fs.stat-2.0.5.tgz. Extracting by manifest.
2694 silly tarball no local data for micromatch@https://registry.npmjs.org/micromatch/-/micromatch-4.0.8.tgz. Extracting by manifest.
2695 silly tarball no local data for esrecurse@https://registry.npmjs.org/esrecurse/-/esrecurse-4.3.0.tgz. Extracting by manifest.
2696 silly tarball no local data for acorn@https://registry.npmjs.org/acorn/-/acorn-8.16.0.tgz. Extracting by manifest.
2697 silly tarball no local data for prop-types@https://registry.npmjs.org/prop-types/-/prop-types-15.8.1.tgz. Extracting by manifest.
2698 silly tarball no local data for object.entries@https://registry.npmjs.org/object.entries/-/object.entries-1.1.9.tgz. Extracting by manifest.
2699 silly tarball no local data for iterator.prototype@https://registry.npmjs.org/iterator.prototype/-/iterator.prototype-1.1.5.tgz. Extracting by manifest.
2700 silly tarball no local data for string.prototype.repeat@https://registry.npmjs.org/string.prototype.repeat/-/string.prototype.repeat-1.0.0.tgz. Extracting by manifest.
2701 silly tarball no local data for string.prototype.matchall@https://registry.npmjs.org/string.prototype.matchall/-/string.prototype.matchall-4.0.12.tgz. Extracting by manifest.
2702 silly tarball no local data for es-iterator-helpers@https://registry.npmjs.org/es-iterator-helpers/-/es-iterator-helpers-1.3.2.tgz. Extracting by manifest.
2703 silly tarball no local data for estraverse@https://registry.npmjs.org/estraverse/-/estraverse-5.3.0.tgz. Extracting by manifest.
2704 silly tarball no local data for string.prototype.includes@https://registry.npmjs.org/string.prototype.includes/-/string.prototype.includes-2.0.1.tgz. Extracting by manifest.
2705 silly tarball no local data for array.prototype.tosorted@https://registry.npmjs.org/array.prototype.tosorted/-/array.prototype.tosorted-1.1.4.tgz. Extracting by manifest.
2706 silly tarball no local data for array.prototype.findlast@https://registry.npmjs.org/array.prototype.findlast/-/array.prototype.findlast-1.2.5.tgz. Extracting by manifest.
2707 silly tarball no local data for jsx-ast-utils@https://registry.npmjs.org/jsx-ast-utils/-/jsx-ast-utils-3.3.5.tgz. Extracting by manifest.
2708 silly tarball no local data for language-tags@https://registry.npmjs.org/language-tags/-/language-tags-1.0.9.tgz. Extracting by manifest.
2709 silly tarball no local data for damerau-levenshtein@https://registry.npmjs.org/damerau-levenshtein/-/damerau-levenshtein-1.0.8.tgz. Extracting by manifest.
2710 silly tarball no local data for axe-core@https://registry.npmjs.org/axe-core/-/axe-core-4.11.4.tgz. Extracting by manifest.
2711 silly tarball no local data for emoji-regex@https://registry.npmjs.org/emoji-regex/-/emoji-regex-9.2.2.tgz. Extracting by manifest.
2712 silly tarball no local data for axobject-query@https://registry.npmjs.org/axobject-query/-/axobject-query-4.1.0.tgz. Extracting by manifest.
2713 silly tarball no local data for is-symbol@https://registry.npmjs.org/is-symbol/-/is-symbol-1.1.1.tgz. Extracting by manifest.
2714 silly tarball no local data for aria-query@https://registry.npmjs.org/aria-query/-/aria-query-5.3.2.tgz. Extracting by manifest.
2715 silly tarball no local data for has-tostringtag@https://registry.npmjs.org/has-tostringtag/-/has-tostringtag-1.0.2.tgz. Extracting by manifest.
2716 silly tarball no local data for possible-typed-array-names@https://registry.npmjs.org/possible-typed-array-names/-/possible-typed-array-names-1.1.0.tgz. Extracting by manifest.
2717 silly tarball no local data for unbox-primitive@https://registry.npmjs.org/unbox-primitive/-/unbox-primitive-1.1.0.tgz. Extracting by manifest.
2718 silly tarball no local data for is-date-object@https://registry.npmjs.org/is-date-object/-/is-date-object-1.1.0.tgz. Extracting by manifest.
2719 silly tarball no local data for which-typed-array@https://registry.npmjs.org/which-typed-array/-/which-typed-array-1.1.20.tgz. Extracting by manifest.
2720 silly tarball no local data for ast-types-flow@https://registry.npmjs.org/ast-types-flow/-/ast-types-flow-0.0.8.tgz. Extracting by manifest.
2721 silly tarball no local data for typed-array-byte-offset@https://registry.npmjs.org/typed-array-byte-offset/-/typed-array-byte-offset-1.0.4.tgz. Extracting by manifest.
2722 silly tarball no local data for typed-array-buffer@https://registry.npmjs.org/typed-array-buffer/-/typed-array-buffer-1.0.3.tgz. Extracting by manifest.
2723 silly tarball no local data for string.prototype.trim@https://registry.npmjs.org/string.prototype.trim/-/string.prototype.trim-1.2.10.tgz. Extracting by manifest.
2724 silly tarball no local data for stop-iteration-iterator@https://registry.npmjs.org/stop-iteration-iterator/-/stop-iteration-iterator-1.1.0.tgz. Extracting by manifest.
2725 silly tarball no local data for typed-array-length@https://registry.npmjs.org/typed-array-length/-/typed-array-length-1.0.7.tgz. Extracting by manifest.
2726 silly tarball no local data for typed-array-byte-length@https://registry.npmjs.org/typed-array-byte-length/-/typed-array-byte-length-1.0.3.tgz. Extracting by manifest.
2727 silly tarball no local data for set-proto@https://registry.npmjs.org/set-proto/-/set-proto-1.0.0.tgz. Extracting by manifest.
2728 silly tarball no local data for safe-array-concat@https://registry.npmjs.org/safe-array-concat/-/safe-array-concat-1.1.4.tgz. Extracting by manifest.
2729 silly tarball no local data for safe-regex-test@https://registry.npmjs.org/safe-regex-test/-/safe-regex-test-1.1.0.tgz. Extracting by manifest.
2730 silly tarball no local data for own-keys@https://registry.npmjs.org/own-keys/-/own-keys-1.0.1.tgz. Extracting by manifest.
2731 silly tarball no local data for safe-push-apply@https://registry.npmjs.org/safe-push-apply/-/safe-push-apply-1.0.0.tgz. Extracting by manifest.
2732 silly tarball no local data for object.assign@https://registry.npmjs.org/object.assign/-/object.assign-4.1.7.tgz. Extracting by manifest.
2733 silly tarball no local data for string.prototype.trimstart@https://registry.npmjs.org/string.prototype.trimstart/-/string.prototype.trimstart-1.0.8.tgz. Extracting by manifest.
2734 silly tarball no local data for object-inspect@https://registry.npmjs.org/object-inspect/-/object-inspect-1.13.4.tgz. Extracting by manifest.
2735 silly tarball no local data for is-weakref@https://registry.npmjs.org/is-weakref/-/is-weakref-1.1.1.tgz. Extracting by manifest.
2736 silly tarball no local data for is-typed-array@https://registry.npmjs.org/is-typed-array/-/is-typed-array-1.1.15.tgz. Extracting by manifest.
2737 silly tarball no local data for is-set@https://registry.npmjs.org/is-set/-/is-set-2.0.3.tgz. Extracting by manifest.
2738 silly tarball no local data for is-shared-array-buffer@https://registry.npmjs.org/is-shared-array-buffer/-/is-shared-array-buffer-1.0.4.tgz. Extracting by manifest.
2739 silly tarball no local data for is-data-view@https://registry.npmjs.org/is-data-view/-/is-data-view-1.0.2.tgz. Extracting by manifest.
2740 silly tarball no local data for is-regex@https://registry.npmjs.org/is-regex/-/is-regex-1.2.1.tgz. Extracting by manifest.
2741 silly tarball no local data for is-array-buffer@https://registry.npmjs.org/is-array-buffer/-/is-array-buffer-3.0.5.tgz. Extracting by manifest.
2742 silly tarball no local data for regexp.prototype.flags@https://registry.npmjs.org/regexp.prototype.flags/-/regexp.prototype.flags-1.5.4.tgz. Extracting by manifest.
2743 silly tarball no local data for internal-slot@https://registry.npmjs.org/internal-slot/-/internal-slot-1.1.0.tgz. Extracting by manifest.
2744 silly tarball no local data for is-negative-zero@https://registry.npmjs.org/is-negative-zero/-/is-negative-zero-2.0.3.tgz. Extracting by manifest.
2745 silly tarball no local data for has-symbols@https://registry.npmjs.org/has-symbols/-/has-symbols-1.1.0.tgz. Extracting by manifest.
2746 silly tarball no local data for get-proto@https://registry.npmjs.org/get-proto/-/get-proto-1.0.1.tgz. Extracting by manifest.
2747 silly tarball no local data for globalthis@https://registry.npmjs.org/globalthis/-/globalthis-1.0.4.tgz. Extracting by manifest.
2748 silly tarball no local data for function.prototype.name@https://registry.npmjs.org/function.prototype.name/-/function.prototype.name-1.1.8.tgz. Extracting by manifest.
2749 silly tarball no local data for is-callable@https://registry.npmjs.org/is-callable/-/is-callable-1.2.7.tgz. Extracting by manifest.
2750 silly tarball no local data for es-set-tostringtag@https://registry.npmjs.org/es-set-tostringtag/-/es-set-tostringtag-2.1.0.tgz. Extracting by manifest.
2751 silly tarball no local data for es-to-primitive@https://registry.npmjs.org/es-to-primitive/-/es-to-primitive-1.3.0.tgz. Extracting by manifest.
2752 silly tarball no local data for data-view-byte-length@https://registry.npmjs.org/data-view-byte-length/-/data-view-byte-length-1.0.2.tgz. Extracting by manifest.
2753 silly tarball no local data for data-view-byte-offset@https://registry.npmjs.org/data-view-byte-offset/-/data-view-byte-offset-1.0.1.tgz. Extracting by manifest.
2754 silly tarball no local data for data-view-buffer@https://registry.npmjs.org/data-view-buffer/-/data-view-buffer-1.0.2.tgz. Extracting by manifest.
2755 silly tarball no local data for get-symbol-description@https://registry.npmjs.org/get-symbol-description/-/get-symbol-description-1.1.0.tgz. Extracting by manifest.
2756 silly tarball no local data for available-typed-arrays@https://registry.npmjs.org/available-typed-arrays/-/available-typed-arrays-1.0.7.tgz. Extracting by manifest.
2757 silly tarball no local data for arraybuffer.prototype.slice@https://registry.npmjs.org/arraybuffer.prototype.slice/-/arraybuffer.prototype.slice-1.0.4.tgz. Extracting by manifest.
2758 silly tarball no local data for object-keys@https://registry.npmjs.org/object-keys/-/object-keys-1.1.1.tgz. Extracting by manifest.
2759 silly tarball no local data for has-proto@https://registry.npmjs.org/has-proto/-/has-proto-1.2.0.tgz. Extracting by manifest.
2760 silly tarball no local data for gopd@https://registry.npmjs.org/gopd/-/gopd-1.2.0.tgz. Extracting by manifest.
2761 silly tarball no local data for has-property-descriptors@https://registry.npmjs.org/has-property-descriptors/-/has-property-descriptors-1.0.2.tgz. Extracting by manifest.
2762 silly tarball no local data for set-function-length@https://registry.npmjs.org/set-function-length/-/set-function-length-1.2.2.tgz. Extracting by manifest.
2763 silly tarball no local data for function-bind@https://registry.npmjs.org/function-bind/-/function-bind-1.1.2.tgz. Extracting by manifest.
2764 silly tarball no local data for call-bind-apply-helpers@https://registry.npmjs.org/call-bind-apply-helpers/-/call-bind-apply-helpers-1.0.2.tgz. Extracting by manifest.
2765 silly tarball no local data for array-buffer-byte-length@https://registry.npmjs.org/array-buffer-byte-length/-/array-buffer-byte-length-1.0.2.tgz. Extracting by manifest.
2766 silly tarball no local data for es-define-property@https://registry.npmjs.org/es-define-property/-/es-define-property-1.0.1.tgz. Extracting by manifest.
2767 silly tarball no local data for es-shim-unscopables@https://registry.npmjs.org/es-shim-unscopables/-/es-shim-unscopables-1.1.0.tgz. Extracting by manifest.
2768 silly tarball no local data for define-data-property@https://registry.npmjs.org/define-data-property/-/define-data-property-1.1.4.tgz. Extracting by manifest.
2769 silly tarball no local data for is-string@https://registry.npmjs.org/is-string/-/is-string-1.1.1.tgz. Extracting by manifest.
2770 silly tarball no local data for es-abstract@https://registry.npmjs.org/es-abstract/-/es-abstract-1.24.2.tgz. Extracting by manifest.
2771 silly tarball no local data for math-intrinsics@https://registry.npmjs.org/math-intrinsics/-/math-intrinsics-1.1.0.tgz. Extracting by manifest.
2772 silly tarball no local data for es-errors@https://registry.npmjs.org/es-errors/-/es-errors-1.3.0.tgz. Extracting by manifest.
2773 silly tarball no local data for es-object-atoms@https://registry.npmjs.org/es-object-atoms/-/es-object-atoms-1.1.1.tgz. Extracting by manifest.
2774 silly tarball no local data for define-properties@https://registry.npmjs.org/define-properties/-/define-properties-1.2.1.tgz. Extracting by manifest.
2775 silly tarball no local data for tsconfig-paths@https://registry.npmjs.org/tsconfig-paths/-/tsconfig-paths-3.15.0.tgz. Extracting by manifest.
2776 silly tarball no local data for call-bound@https://registry.npmjs.org/call-bound/-/call-bound-1.0.4.tgz. Extracting by manifest.
2777 silly tarball no local data for object.groupby@https://registry.npmjs.org/object.groupby/-/object.groupby-1.0.3.tgz. Extracting by manifest.
2778 silly tarball no local data for get-intrinsic@https://registry.npmjs.org/get-intrinsic/-/get-intrinsic-1.3.0.tgz. Extracting by manifest.
2779 silly tarball no local data for object.values@https://registry.npmjs.org/object.values/-/object.values-1.2.1.tgz. Extracting by manifest.
2780 silly tarball no local data for hasown@https://registry.npmjs.org/hasown/-/hasown-2.0.3.tgz. Extracting by manifest.
2781 silly tarball no local data for call-bind@https://registry.npmjs.org/call-bind/-/call-bind-1.0.9.tgz. Extracting by manifest.
2782 silly tarball no local data for doctrine@https://registry.npmjs.org/doctrine/-/doctrine-2.1.0.tgz. Extracting by manifest.
2783 silly tarball no local data for object.fromentries@https://registry.npmjs.org/object.fromentries/-/object.fromentries-2.0.8.tgz. Extracting by manifest.
2784 silly tarball no local data for eslint-module-utils@https://registry.npmjs.org/eslint-module-utils/-/eslint-module-utils-2.12.1.tgz. Extracting by manifest.
2785 silly tarball no local data for @rtsao/scc@https://registry.npmjs.org/@rtsao/scc/-/scc-1.1.0.tgz. Extracting by manifest.
2786 silly tarball no local data for array.prototype.flat@https://registry.npmjs.org/array.prototype.flat/-/array.prototype.flat-1.3.3.tgz. Extracting by manifest.
2787 silly tarball no local data for string.prototype.trimend@https://registry.npmjs.org/string.prototype.trimend/-/string.prototype.trimend-1.0.9.tgz. Extracting by manifest.
2788 silly tarball no local data for array-includes@https://registry.npmjs.org/array-includes/-/array-includes-3.1.9.tgz. Extracting by manifest.
2789 silly tarball no local data for unrs-resolver@https://registry.npmjs.org/unrs-resolver/-/unrs-resolver-1.11.1.tgz. Extracting by manifest.
2790 silly tarball no local data for array.prototype.flatmap@https://registry.npmjs.org/array.prototype.flatmap/-/array.prototype.flatmap-1.3.3.tgz. Extracting by manifest.
2791 silly tarball no local data for resolve@https://registry.npmjs.org/resolve/-/resolve-2.0.0-next.6.tgz. Extracting by manifest.
2792 silly tarball no local data for array.prototype.findlastindex@https://registry.npmjs.org/array.prototype.findlastindex/-/array.prototype.findlastindex-1.2.6.tgz. Extracting by manifest.
2793 silly tarball no local data for is-core-module@https://registry.npmjs.org/is-core-module/-/is-core-module-2.16.2.tgz. Extracting by manifest.
2794 silly tarball no local data for is-bun-module@https://registry.npmjs.org/is-bun-module/-/is-bun-module-2.0.0.tgz. Extracting by manifest.
2795 silly tarball no local data for tinyglobby@https://registry.npmjs.org/tinyglobby/-/tinyglobby-0.2.16.tgz. Extracting by manifest.
2796 silly tarball no local data for @nolyfill/is-core-module@https://registry.npmjs.org/@nolyfill/is-core-module/-/is-core-module-1.0.39.tgz. Extracting by manifest.
2797 silly tarball no local data for stable-hash@https://registry.npmjs.org/stable-hash/-/stable-hash-0.0.5.tgz. Extracting by manifest.
2798 silly tarball no local data for semver@https://registry.npmjs.org/semver/-/semver-7.8.0.tgz. Extracting by manifest.
2799 silly tarball no local data for @typescript-eslint/typescript-estree@https://registry.npmjs.org/@typescript-eslint/typescript-estree/-/typescript-estree-8.59.2.tgz. Extracting by manifest.
2800 silly tarball no local data for @typescript-eslint/tsconfig-utils@https://registry.npmjs.org/@typescript-eslint/tsconfig-utils/-/tsconfig-utils-8.59.2.tgz. Extracting by manifest.
2801 silly tarball no local data for @typescript-eslint/project-service@https://registry.npmjs.org/@typescript-eslint/project-service/-/project-service-8.59.2.tgz. Extracting by manifest.
2802 silly tarball no local data for get-tsconfig@https://registry.npmjs.org/get-tsconfig/-/get-tsconfig-4.14.0.tgz. Extracting by manifest.
2803 silly tarball no local data for ts-api-utils@https://registry.npmjs.org/ts-api-utils/-/ts-api-utils-2.5.0.tgz. Extracting by manifest.
2804 silly tarball no local data for @typescript-eslint/utils@https://registry.npmjs.org/@typescript-eslint/utils/-/utils-8.59.2.tgz. Extracting by manifest.
2805 silly tarball no local data for @typescript-eslint/visitor-keys@https://registry.npmjs.org/@typescript-eslint/visitor-keys/-/visitor-keys-8.59.2.tgz. Extracting by manifest.
2806 silly tarball no local data for @typescript-eslint/type-utils@https://registry.npmjs.org/@typescript-eslint/type-utils/-/type-utils-8.59.2.tgz. Extracting by manifest.
2807 silly tarball no local data for eslint-plugin-react@https://registry.npmjs.org/eslint-plugin-react/-/eslint-plugin-react-7.37.5.tgz. Extracting by manifest.
2808 silly tarball no local data for @typescript-eslint/scope-manager@https://registry.npmjs.org/@typescript-eslint/scope-manager/-/scope-manager-8.59.2.tgz. Extracting by manifest.
2809 silly tarball no local data for eslint-plugin-react-hooks@https://registry.npmjs.org/eslint-plugin-react-hooks/-/eslint-plugin-react-hooks-5.2.0.tgz. Extracting by manifest.
2810 silly tarball no local data for fast-glob@https://registry.npmjs.org/fast-glob/-/fast-glob-3.3.1.tgz. Extracting by manifest.
2811 silly tarball no local data for eslint-import-resolver-typescript@https://registry.npmjs.org/eslint-import-resolver-typescript/-/eslint-import-resolver-typescript-3.10.1.tgz. Extracting by manifest.
2812 silly tarball no local data for eslint-plugin-jsx-a11y@https://registry.npmjs.org/eslint-plugin-jsx-a11y/-/eslint-plugin-jsx-a11y-6.10.2.tgz. Extracting by manifest.
2813 silly tarball no local data for eslint-plugin-import@https://registry.npmjs.org/eslint-plugin-import/-/eslint-plugin-import-2.32.0.tgz. Extracting by manifest.
2814 silly tarball no local data for eslint-import-resolver-node@https://registry.npmjs.org/eslint-import-resolver-node/-/eslint-import-resolver-node-0.3.10.tgz. Extracting by manifest.
2815 silly tarball no local data for @typescript-eslint/parser@https://registry.npmjs.org/@typescript-eslint/parser/-/parser-8.59.2.tgz. Extracting by manifest.
2816 silly tarball no local data for @typescript-eslint/eslint-plugin@https://registry.npmjs.org/@typescript-eslint/eslint-plugin/-/eslint-plugin-8.59.2.tgz. Extracting by manifest.
2817 silly tarball no local data for @next/eslint-plugin-next@https://registry.npmjs.org/@next/eslint-plugin-next/-/eslint-plugin-next-15.3.3.tgz. Extracting by manifest.
2818 silly tarball no local data for @typescript-eslint/types@https://registry.npmjs.org/@typescript-eslint/types/-/types-8.59.2.tgz. Extracting by manifest.
2819 silly tarball no local data for @rushstack/eslint-patch@https://registry.npmjs.org/@rushstack/eslint-patch/-/eslint-patch-1.16.1.tgz. Extracting by manifest.
2820 silly tarball no local data for path-key@https://registry.npmjs.org/path-key/-/path-key-3.1.1.tgz. Extracting by manifest.
2821 silly tarball no local data for shebang-command@https://registry.npmjs.org/shebang-command/-/shebang-command-2.0.0.tgz. Extracting by manifest.
2822 silly tarball no local data for supports-color@https://registry.npmjs.org/supports-color/-/supports-color-7.2.0.tgz. Extracting by manifest.
2823 silly tarball no local data for @humanfs/types@https://registry.npmjs.org/@humanfs/types/-/types-0.15.0.tgz. Extracting by manifest.
2824 silly tarball no local data for color-name@https://registry.npmjs.org/color-name/-/color-name-1.1.4.tgz. Extracting by manifest.
2825 silly tarball no local data for color-convert@https://registry.npmjs.org/color-convert/-/color-convert-2.0.1.tgz. Extracting by manifest.
2826 silly tarball no local data for ansi-styles@https://registry.npmjs.org/ansi-styles/-/ansi-styles-4.3.0.tgz. Extracting by manifest.
2827 silly tarball no local data for @types/json-schema@https://registry.npmjs.org/@types/json-schema/-/json-schema-7.0.15.tgz. Extracting by manifest.
2828 silly tarball no local data for levn@https://registry.npmjs.org/levn/-/levn-0.4.1.tgz. Extracting by manifest.
2829 silly tarball no local data for @humanfs/core@https://registry.npmjs.org/@humanfs/core/-/core-0.19.2.tgz. Extracting by manifest.
2830 silly tarball no local data for @eslint/object-schema@https://registry.npmjs.org/@eslint/object-schema/-/object-schema-2.1.7.tgz. Extracting by manifest.
2831 silly tarball no local data for optionator@https://registry.npmjs.org/optionator/-/optionator-0.9.4.tgz. Extracting by manifest.
2832 silly tarball no local data for lodash.merge@https://registry.npmjs.org/lodash.merge/-/lodash.merge-4.6.2.tgz. Extracting by manifest.
2833 silly tarball no local data for which@https://registry.npmjs.org/which/-/which-2.0.2.tgz. Extracting by manifest.
2834 silly tarball no local data for natural-compare@https://registry.npmjs.org/natural-compare/-/natural-compare-1.4.0.tgz. Extracting by manifest.
2835 silly tarball no local data for imurmurhash@https://registry.npmjs.org/imurmurhash/-/imurmurhash-0.1.4.tgz. Extracting by manifest.
2836 silly tarball no local data for glob-parent@https://registry.npmjs.org/glob-parent/-/glob-parent-6.0.2.tgz. Extracting by manifest.
2837 silly tarball no local data for is-glob@https://registry.npmjs.org/is-glob/-/is-glob-4.0.3.tgz. Extracting by manifest.
2838 silly tarball no local data for esutils@https://registry.npmjs.org/esutils/-/esutils-2.0.3.tgz. Extracting by manifest.
2839 silly tarball no local data for file-entry-cache@https://registry.npmjs.org/file-entry-cache/-/file-entry-cache-8.0.0.tgz. Extracting by manifest.
2840 silly tarball no local data for escape-string-regexp@https://registry.npmjs.org/escape-string-regexp/-/escape-string-regexp-4.0.0.tgz. Extracting by manifest.
2841 silly tarball no local data for eslint-scope@https://registry.npmjs.org/eslint-scope/-/eslint-scope-8.4.0.tgz. Extracting by manifest.
2842 silly tarball no local data for eslint-visitor-keys@https://registry.npmjs.org/eslint-visitor-keys/-/eslint-visitor-keys-4.2.1.tgz. Extracting by manifest.
2843 silly tarball no local data for find-up@https://registry.npmjs.org/find-up/-/find-up-5.0.0.tgz. Extracting by manifest.
2844 silly tarball no local data for json-stable-stringify-without-jsonify@https://registry.npmjs.org/json-stable-stringify-without-jsonify/-/json-stable-stringify-without-jsonify-1.0.1.tgz. Extracting by manifest.
2845 silly tarball no local data for @humanwhocodes/retry@https://registry.npmjs.org/@humanwhocodes/retry/-/retry-0.4.3.tgz. Extracting by manifest.
2846 silly tarball no local data for cross-spawn@https://registry.npmjs.org/cross-spawn/-/cross-spawn-7.0.6.tgz. Extracting by manifest.
2847 silly tarball no local data for @eslint/plugin-kit@https://registry.npmjs.org/@eslint/plugin-kit/-/plugin-kit-0.4.1.tgz. Extracting by manifest.
2848 silly tarball no local data for chalk@https://registry.npmjs.org/chalk/-/chalk-4.1.2.tgz. Extracting by manifest.
2849 silly tarball no local data for @eslint/config-helpers@https://registry.npmjs.org/@eslint/config-helpers/-/config-helpers-0.4.2.tgz. Extracting by manifest.
2850 silly tarball no local data for @types/estree@https://registry.npmjs.org/@types/estree/-/estree-1.0.9.tgz. Extracting by manifest.
2851 silly tarball no local data for @humanwhocodes/module-importer@https://registry.npmjs.org/@humanwhocodes/module-importer/-/module-importer-1.0.1.tgz. Extracting by manifest.
2852 silly tarball no local data for @eslint/core@https://registry.npmjs.org/@eslint/core/-/core-0.17.0.tgz. Extracting by manifest.
2853 silly tarball no local data for esquery@https://registry.npmjs.org/esquery/-/esquery-1.7.0.tgz. Extracting by manifest.
2854 silly tarball no local data for graceful-fs@https://registry.npmjs.org/graceful-fs/-/graceful-fs-4.2.11.tgz. Extracting by manifest.
2855 silly tarball no local data for ms@https://registry.npmjs.org/ms/-/ms-2.1.3.tgz. Extracting by manifest.
2856 silly tarball no local data for @eslint/config-array@https://registry.npmjs.org/@eslint/config-array/-/config-array-0.21.2.tgz. Extracting by manifest.
2857 silly tarball no local data for @eslint/js@https://registry.npmjs.org/@eslint/js/-/js-9.39.4.tgz. Extracting by manifest.
2858 silly tarball no local data for @humanfs/node@https://registry.npmjs.org/@humanfs/node/-/node-0.16.8.tgz. Extracting by manifest.
2859 silly tarball no local data for @eslint-community/regexpp@https://registry.npmjs.org/@eslint-community/regexpp/-/regexpp-4.12.2.tgz. Extracting by manifest.
2860 silly tarball no local data for @eslint-community/eslint-utils@https://registry.npmjs.org/@eslint-community/eslint-utils/-/eslint-utils-4.9.1.tgz. Extracting by manifest.
2861 silly tarball no local data for tapable@https://registry.npmjs.org/tapable/-/tapable-2.3.3.tgz. Extracting by manifest.
2862 silly tarball no local data for uri-js@https://registry.npmjs.org/uri-js/-/uri-js-4.4.1.tgz. Extracting by manifest.
2863 silly tarball no local data for fast-json-stable-stringify@https://registry.npmjs.org/fast-json-stable-stringify/-/fast-json-stable-stringify-2.1.0.tgz. Extracting by manifest.
2864 silly tarball no local data for fast-deep-equal@https://registry.npmjs.org/fast-deep-equal/-/fast-deep-equal-3.1.3.tgz. Extracting by manifest.
2865 silly tarball no local data for undici-types@https://registry.npmjs.org/undici-types/-/undici-types-6.21.0.tgz. Extracting by manifest.
2866 silly tarball no local data for @jridgewell/sourcemap-codec@https://registry.npmjs.org/@jridgewell/sourcemap-codec/-/sourcemap-codec-1.5.5.tgz. Extracting by manifest.
2867 silly tarball no local data for @jridgewell/resolve-uri@https://registry.npmjs.org/@jridgewell/resolve-uri/-/resolve-uri-3.1.2.tgz. Extracting by manifest.
2868 silly tarball no local data for json-schema-traverse@https://registry.npmjs.org/json-schema-traverse/-/json-schema-traverse-0.4.1.tgz. Extracting by manifest.
2869 silly tarball no local data for @jridgewell/trace-mapping@https://registry.npmjs.org/@jridgewell/trace-mapping/-/trace-mapping-0.3.31.tgz. Extracting by manifest.
2870 silly tarball no local data for @jridgewell/gen-mapping@https://registry.npmjs.org/@jridgewell/gen-mapping/-/gen-mapping-0.3.13.tgz. Extracting by manifest.
2871 silly tarball no local data for jiti@https://registry.npmjs.org/jiti/-/jiti-2.7.0.tgz. Extracting by manifest.
2872 silly tarball no local data for @tailwindcss/oxide-win32-x64-msvc@https://registry.npmjs.org/@tailwindcss/oxide-win32-x64-msvc/-/oxide-win32-x64-msvc-4.3.0.tgz. Extracting by manifest.
2873 silly tarball no local data for csstype@https://registry.npmjs.org/csstype/-/csstype-3.2.3.tgz. Extracting by manifest.
2874 silly tarball no local data for source-map-js@https://registry.npmjs.org/source-map-js/-/source-map-js-1.2.1.tgz. Extracting by manifest.
2875 silly tarball no local data for magic-string@https://registry.npmjs.org/magic-string/-/magic-string-0.30.21.tgz. Extracting by manifest.
2876 silly tarball no local data for lightningcss@https://registry.npmjs.org/lightningcss/-/lightningcss-1.32.0.tgz. Extracting by manifest.
2877 silly tarball no local data for @tailwindcss/oxide@https://registry.npmjs.org/@tailwindcss/oxide/-/oxide-4.3.0.tgz. Extracting by manifest.
2878 silly tarball no local data for enhanced-resolve@https://registry.npmjs.org/enhanced-resolve/-/enhanced-resolve-5.21.2.tgz. Extracting by manifest.
2879 silly tarball no local data for @jridgewell/remapping@https://registry.npmjs.org/@jridgewell/remapping/-/remapping-2.3.5.tgz. Extracting by manifest.
2880 silly tarball no local data for @tailwindcss/node@https://registry.npmjs.org/@tailwindcss/node/-/node-4.3.0.tgz. Extracting by manifest.
2881 silly tarball no local data for @alloc/quick-lru@https://registry.npmjs.org/@alloc/quick-lru/-/quick-lru-5.2.0.tgz. Extracting by manifest.
2882 silly tarball no local data for minimatch@https://registry.npmjs.org/minimatch/-/minimatch-3.1.5.tgz. Extracting by manifest.
2883 silly tarball no local data for postcss@https://registry.npmjs.org/postcss/-/postcss-8.5.14.tgz. Extracting by manifest.
2884 silly tarball no local data for import-fresh@https://registry.npmjs.org/import-fresh/-/import-fresh-3.3.1.tgz. Extracting by manifest.
2885 silly tarball no local data for js-yaml@https://registry.npmjs.org/js-yaml/-/js-yaml-4.1.1.tgz. Extracting by manifest.
2886 silly tarball no local data for globals@https://registry.npmjs.org/globals/-/globals-14.0.0.tgz. Extracting by manifest.
2887 silly tarball no local data for strip-json-comments@https://registry.npmjs.org/strip-json-comments/-/strip-json-comments-3.1.1.tgz. Extracting by manifest.
2888 silly tarball no local data for espree@https://registry.npmjs.org/espree/-/espree-10.4.0.tgz. Extracting by manifest.
2889 silly tarball no local data for ignore@https://registry.npmjs.org/ignore/-/ignore-5.3.2.tgz. Extracting by manifest.
2890 silly tarball no local data for debug@https://registry.npmjs.org/debug/-/debug-4.4.3.tgz. Extracting by manifest.
2891 silly tarball no local data for ajv@https://registry.npmjs.org/ajv/-/ajv-6.15.0.tgz. Extracting by manifest.
2892 silly tarball no local data for typescript@https://registry.npmjs.org/typescript/-/typescript-5.9.3.tgz. Extracting by manifest.
2893 silly tarball no local data for eslint-config-next@https://registry.npmjs.org/eslint-config-next/-/eslint-config-next-15.3.3.tgz. Extracting by manifest.
2894 silly tarball no local data for @types/react@https://registry.npmjs.org/@types/react/-/react-19.2.14.tgz. Extracting by manifest.
2895 silly tarball no local data for @types/node@https://registry.npmjs.org/@types/node/-/node-20.19.40.tgz. Extracting by manifest.
2896 silly tarball no local data for tailwindcss@https://registry.npmjs.org/tailwindcss/-/tailwindcss-4.3.0.tgz. Extracting by manifest.
2897 silly tarball no local data for @types/react-dom@https://registry.npmjs.org/@types/react-dom/-/react-dom-19.2.3.tgz. Extracting by manifest.
2898 silly tarball no local data for react@https://registry.npmjs.org/react/-/react-19.2.6.tgz. Extracting by manifest.
2899 silly tarball no local data for @tailwindcss/postcss@https://registry.npmjs.org/@tailwindcss/postcss/-/postcss-4.3.0.tgz. Extracting by manifest.
2900 silly tarball no local data for next@https://registry.npmjs.org/next/-/next-15.3.3.tgz. Extracting by manifest.
2901 silly tarball no local data for eslint@https://registry.npmjs.org/eslint/-/eslint-9.39.4.tgz. Extracting by manifest.
2902 silly tarball no local data for react-dom@https://registry.npmjs.org/react-dom/-/react-dom-19.2.6.tgz. Extracting by manifest.
2903 silly tarball no local data for @eslint/eslintrc@https://registry.npmjs.org/@eslint/eslintrc/-/eslintrc-3.3.5.tgz. Extracting by manifest.
2904 silly tarball no local data for picomatch@https://registry.npmjs.org/picomatch/-/picomatch-4.0.4.tgz. Extracting by manifest.
2905 silly tarball no local data for debug@https://registry.npmjs.org/debug/-/debug-3.2.7.tgz. Extracting by manifest.
2906 silly tarball no local data for semver@https://registry.npmjs.org/semver/-/semver-6.3.1.tgz. Extracting by manifest.
2907 silly tarball no local data for fdir@https://registry.npmjs.org/fdir/-/fdir-6.5.0.tgz. Extracting by manifest.
2908 silly tarball no local data for eslint-visitor-keys@https://registry.npmjs.org/eslint-visitor-keys/-/eslint-visitor-keys-5.0.1.tgz. Extracting by manifest.
2909 silly tarball no local data for brace-expansion@https://registry.npmjs.org/brace-expansion/-/brace-expansion-5.0.6.tgz. Extracting by manifest.
2910 silly tarball no local data for semver@https://registry.npmjs.org/semver/-/semver-6.3.1.tgz. Extracting by manifest.
2911 silly tarball no local data for balanced-match@https://registry.npmjs.org/balanced-match/-/balanced-match-4.0.4.tgz. Extracting by manifest.
2912 silly tarball no local data for glob-parent@https://registry.npmjs.org/glob-parent/-/glob-parent-5.1.2.tgz. Extracting by manifest.
2913 silly tarball no local data for debug@https://registry.npmjs.org/debug/-/debug-3.2.7.tgz. Extracting by manifest.
2914 silly tarball no local data for minimatch@https://registry.npmjs.org/minimatch/-/minimatch-10.2.5.tgz. Extracting by manifest.
2915 silly tarball no local data for ignore@https://registry.npmjs.org/ignore/-/ignore-7.0.5.tgz. Extracting by manifest.
2916 silly tarball no local data for semver@https://registry.npmjs.org/semver/-/semver-6.3.1.tgz. Extracting by manifest.
2917 silly tarball no local data for eslint-visitor-keys@https://registry.npmjs.org/eslint-visitor-keys/-/eslint-visitor-keys-3.4.3.tgz. Extracting by manifest.
2918 silly tarball no local data for debug@https://registry.npmjs.org/debug/-/debug-3.2.7.tgz. Extracting by manifest.
2919 silly tarball no local data for postcss@https://registry.npmjs.org/postcss/-/postcss-8.4.31.tgz. Extracting by manifest.
2920 http fetch POST 200 https://registry.npmjs.org/-/npm/v1/security/advisories/bulk 522ms
2921 silly audit report {
2921 silly audit report   next: [
2921 silly audit report     {
2921 silly audit report       id: 1111370,
2921 silly audit report       url: 'https://github.com/advisories/GHSA-9qr9-h5gf-34mp',
2921 silly audit report       title: 'Next.js is vulnerable to RCE in React flight protocol',
2921 silly audit report       severity: 'critical',
2921 silly audit report       vulnerable_versions: '>=15.3.0-canary.0 <15.3.6',
2921 silly audit report       cwe: [Array],
2921 silly audit report       cvss: [Object]
2921 silly audit report     },
2921 silly audit report     {
2921 silly audit report       id: 1111378,
2921 silly audit report       url: 'https://github.com/advisories/GHSA-w37m-7fhw-fmv9',
2921 silly audit report       title: 'Next Server Actions Source Code Exposure ',
2921 silly audit report       severity: 'moderate',
2921 silly audit report       vulnerable_versions: '>=15.3.0-canary.0 <15.3.7',
2921 silly audit report       cwe: [Array],
2921 silly audit report       cvss: [Object]
2921 silly audit report     },
2921 silly audit report     {
2921 silly audit report       id: 1111387,
2921 silly audit report       url: 'https://github.com/advisories/GHSA-mwv6-3258-q52c',
2921 silly audit report       title: 'Next Vulnerable to Denial of Service with Server Components',
2921 silly audit report       severity: 'high',
2921 silly audit report       vulnerable_versions: '>=15.3.0-canary.0 <15.3.7',
2921 silly audit report       cwe: [Array],
2921 silly audit report       cvss: [Object]
2921 silly audit report     },
2921 silly audit report     {
2921 silly audit report       id: 1107228,
2921 silly audit report       url: 'https://github.com/advisories/GHSA-g5qg-72qw-gw5v',
2921 silly audit report       title: 'Next.js Affected by Cache Key Confusion for Image Optimization API Routes',
2921 silly audit report       severity: 'moderate',
2921 silly audit report       vulnerable_versions: '>=15.0.0 <=15.4.4',
2921 silly audit report       cwe: [Array],
2921 silly audit report       cvss: [Object]
2921 silly audit report     },
2921 silly audit report     {
2921 silly audit report       id: 1107514,
2921 silly audit report       url: 'https://github.com/advisories/GHSA-xv57-4mr9-wg8v',
2921 silly audit report       title: 'Next.js Content Injection Vulnerability for Image Optimization',
2921 silly audit report       severity: 'moderate',
2921 silly audit report       vulnerable_versions: '>=15.0.0 <=15.4.4',
2921 silly audit report       cwe: [Array],
2921 silly audit report       cvss: [Object]
2921 silly audit report     },
2921 silly audit report     {
2921 silly audit report       id: 1107515,
2921 silly audit report       url: 'https://github.com/advisories/GHSA-4342-x723-ch2f',
2921 silly audit report       title: 'Next.js Improper Middleware Redirect Handling Leads to SSRF',
2921 silly audit report       severity: 'moderate',
2921 silly audit report       vulnerable_versions: '>=15.0.0-canary.0 <15.4.7',
2921 silly audit report       cwe: [Array],
2921 silly audit report       cvss: [Object]
2921 silly audit report     },
2921 silly audit report     {
2921 silly audit report       id: 1112593,
2921 silly audit report       url: 'https://github.com/advisories/GHSA-9g9p-9gw9-jx7f',
2921 silly audit report       title: 'Next.js self-hosted applications vulnerable to DoS via Image Optimizer remotePatterns configuration',
2921 silly audit report       severity: 'moderate',
2921 silly audit report       vulnerable_versions: '>=10.0.0 <15.5.10',
2921 silly audit report       cwe: [Array],
2921 silly audit report       cvss: [Object]
2921 silly audit report     },
2921 silly audit report     {
2921 silly audit report       id: 1112650,
2921 silly audit report       url: 'https://github.com/advisories/GHSA-h25m-26qc-wcjf',
2921 silly audit report       title: 'Next.js HTTP request deserialization can lead to DoS when using insecure React Server Components',
2921 silly audit report       severity: 'high',
2921 silly audit report       vulnerable_versions: '>=15.3.0-canary.0 <15.3.9',
2921 silly audit report       cwe: [Array],
2921 silly audit report       cvss: [Object]
2921 silly audit report     },
2921 silly audit report     {
2921 silly audit report       id: 1114897,
2921 silly audit report       url: 'https://github.com/advisories/GHSA-ggv3-7p47-pfv8',
2921 silly audit report       title: 'Next.js: HTTP request smuggling in rewrites',
2921 silly audit report       severity: 'moderate',
2921 silly audit report       vulnerable_versions: '>=9.5.0 <15.5.13',
2921 silly audit report       cwe: [Array],
2921 silly audit report       cvss: [Object]
2921 silly audit report     },
2921 silly audit report     {
2921 silly audit report       id: 1114940,
2921 silly audit report       url: 'https://github.com/advisories/GHSA-3x4c-7xq6-9pq8',
2921 silly audit report       title: 'Next.js: Unbounded next/image disk cache growth can exhaust storage',
2921 silly audit report       severity: 'moderate',
2921 silly audit report       vulnerable_versions: '>=10.0.0 <15.5.14',
2921 silly audit report       cwe: [Array],
2921 silly audit report       cvss: [Object]
2921 silly audit report     },
2921 silly audit report     {
2921 silly audit report       id: 1116376,
2921 silly audit report       url: 'https://github.com/advisories/GHSA-q4gf-8mx6-v5v3',
2921 silly audit report       title: 'Next.js has a Denial of Service with Server Components',
2921 silly audit report       severity: 'high',
2921 silly audit report       vulnerable_versions: '>=13.0.0 <15.5.15',
2921 silly audit report       cwe: [Array],
2921 silly audit report       cvss: [Object]
2921 silly audit report     }
2921 silly audit report   ],
2921 silly audit report   postcss: [
2921 silly audit report     {
2921 silly audit report       id: 1117015,
2921 silly audit report       url: 'https://github.com/advisories/GHSA-qx2v-qp2m-jg93',
2921 silly audit report       title: 'PostCSS has XSS via Unescaped </style> in its CSS Stringify Output',
2921 silly audit report       severity: 'moderate',
2921 silly audit report       vulnerable_versions: '<8.5.10',
2921 silly audit report       cwe: [Array],
2921 silly audit report       cvss: [Object]
2921 silly audit report     }
2921 silly audit report   ]
2921 silly audit report }
2922 silly packumentCache corgi:https://registry.npmjs.org/next cache-miss
2923 silly packumentCache corgi:https://registry.npmjs.org/postcss cache-miss
2924 http fetch GET 200 https://registry.npmjs.org/isexe/-/isexe-2.0.0.tgz 458ms (cache miss)
2925 http fetch GET 200 https://registry.npmjs.org/async-function/-/async-function-1.0.0.tgz 461ms (cache miss)
2926 http fetch GET 200 https://registry.npmjs.org/is-weakmap/-/is-weakmap-2.0.2.tgz 464ms (cache miss)
2927 http fetch GET 200 https://registry.npmjs.org/which-collection/-/which-collection-1.0.2.tgz 461ms (cache miss)
2928 http fetch GET 200 https://registry.npmjs.org/is-finalizationregistry/-/is-finalizationregistry-1.1.1.tgz 463ms (cache miss)
2929 http fetch GET 200 https://registry.npmjs.org/is-map/-/is-map-2.0.3.tgz 465ms (cache miss)
2930 http fetch GET 200 https://registry.npmjs.org/is-boolean-object/-/is-boolean-object-1.2.2.tgz 468ms (cache miss)
2931 http fetch GET 200 https://registry.npmjs.org/is-weakset/-/is-weakset-2.0.4.tgz 475ms (cache miss)
2932 http fetch GET 200 https://registry.npmjs.org/reflect.getprototypeof/-/reflect.getprototypeof-1.0.10.tgz 477ms (cache miss)
2933 http fetch GET 200 https://registry.npmjs.org/is-bigint/-/is-bigint-1.1.0.tgz 478ms (cache miss)
2934 http fetch GET 200 https://registry.npmjs.org/has-bigints/-/has-bigints-1.1.0.tgz 478ms (cache miss)
2935 http fetch GET 200 https://registry.npmjs.org/generator-function/-/generator-function-2.0.1.tgz 486ms (cache miss)
2936 http fetch GET 200 https://registry.npmjs.org/strip-bom/-/strip-bom-3.0.0.tgz 510ms (cache miss)
2937 http fetch GET 200 https://registry.npmjs.org/minimist/-/minimist-1.2.8.tgz 511ms (cache miss)
2938 http fetch GET 200 https://registry.npmjs.org/which-boxed-primitive/-/which-boxed-primitive-1.1.1.tgz 515ms (cache miss)
2939 http fetch GET 200 https://registry.npmjs.org/for-each/-/for-each-0.3.5.tgz 534ms (cache miss)
2940 http fetch GET 200 https://registry.npmjs.org/has-flag/-/has-flag-4.0.0.tgz 535ms (cache miss)
2941 http fetch GET 200 https://registry.npmjs.org/client-only/-/client-only-0.0.1.tgz 537ms (cache miss)
2942 http fetch GET 200 https://registry.npmjs.org/is-number/-/is-number-7.0.0.tgz 545ms (cache miss)
2943 http fetch GET 200 https://registry.npmjs.org/isarray/-/isarray-2.0.5.tgz 546ms (cache miss)
2944 http fetch GET 200 https://registry.npmjs.org/side-channel-map/-/side-channel-map-1.0.1.tgz 549ms (cache miss)
2945 http fetch GET 200 https://registry.npmjs.org/side-channel-list/-/side-channel-list-1.0.1.tgz 547ms (cache miss)
2946 http fetch GET 200 https://registry.npmjs.org/shebang-regex/-/shebang-regex-3.0.0.tgz 552ms (cache miss)
2947 http fetch GET 200 https://registry.npmjs.org/queue-microtask/-/queue-microtask-1.2.3.tgz 577ms (cache miss)
2948 http fetch GET 200 https://registry.npmjs.org/which-builtin-type/-/which-builtin-type-1.2.1.tgz 586ms (cache miss)
2949 http fetch GET 200 https://registry.npmjs.org/punycode/-/punycode-2.3.1.tgz 603ms (cache miss)
2950 http fetch GET 200 https://registry.npmjs.org/path-parse/-/path-parse-1.0.7.tgz 598ms (cache miss)
2951 http fetch GET 200 https://registry.npmjs.org/side-channel-weakmap/-/side-channel-weakmap-1.0.2.tgz 600ms (cache miss)
2952 http fetch GET 200 https://registry.npmjs.org/supports-preserve-symlinks-flag/-/supports-preserve-symlinks-flag-1.0.0.tgz 599ms (cache miss)
2953 http fetch GET 200 https://registry.npmjs.org/is-generator-function/-/is-generator-function-1.1.2.tgz 620ms (cache miss)
2954 http fetch GET 200 https://registry.npmjs.org/scheduler/-/scheduler-0.27.0.tgz 607ms (cache miss)
2955 http fetch GET 200 https://registry.npmjs.org/react-is/-/react-is-16.13.1.tgz 607ms (cache miss)
2956 http fetch GET 200 https://registry.npmjs.org/object-assign/-/object-assign-4.1.1.tgz 611ms (cache miss)
2957 http fetch GET 200 https://registry.npmjs.org/callsites/-/callsites-3.1.0.tgz 611ms (cache miss)
2958 http fetch GET 200 https://registry.npmjs.org/js-tokens/-/js-tokens-4.0.0.tgz 613ms (cache miss)
2959 http fetch GET 200 https://registry.npmjs.org/@img/colour/-/colour-1.1.0.tgz 621ms (cache miss)
2960 http fetch GET 200 https://registry.npmjs.org/yocto-queue/-/yocto-queue-0.1.0.tgz 619ms (cache miss)
2961 http fetch GET 200 https://registry.npmjs.org/loose-envify/-/loose-envify-1.4.0.tgz 626ms (cache miss)
2962 http fetch GET 200 https://registry.npmjs.org/picocolors/-/picocolors-1.1.1.tgz 629ms (cache miss)
2963 http fetch GET 200 https://registry.npmjs.org/is-number-object/-/is-number-object-1.1.1.tgz 646ms (cache miss)
2964 http fetch GET 200 https://registry.npmjs.org/is-async-function/-/is-async-function-2.1.1.tgz 646ms (cache miss)
2965 http fetch GET 200 https://registry.npmjs.org/json5/-/json5-1.0.2.tgz 646ms (cache miss)
2966 http fetch GET 200 https://registry.npmjs.org/word-wrap/-/word-wrap-1.2.5.tgz 650ms (cache miss)
2967 http fetch GET 200 https://registry.npmjs.org/fast-levenshtein/-/fast-levenshtein-2.0.6.tgz 667ms (cache miss)
2968 http fetch GET 200 https://registry.npmjs.org/streamsearch/-/streamsearch-1.1.0.tgz 665ms (cache miss)
2969 http fetch GET 200 https://registry.npmjs.org/deep-is/-/deep-is-0.1.4.tgz 669ms (cache miss)
2970 http fetch GET 200 https://registry.npmjs.org/p-limit/-/p-limit-3.1.0.tgz 671ms (cache miss)
2971 http fetch GET 200 https://registry.npmjs.org/@types/json5/-/json5-0.0.29.tgz 694ms (cache miss)
2972 http fetch GET 200 https://registry.npmjs.org/napi-postinstall/-/napi-postinstall-0.3.4.tgz 725ms (cache miss)
2973 http fetch GET 200 https://registry.npmjs.org/tslib/-/tslib-2.8.1.tgz 708ms (cache miss)
2974 http fetch GET 200 https://registry.npmjs.org/nanoid/-/nanoid-3.3.12.tgz 716ms (cache miss)
2975 http fetch GET 200 https://registry.npmjs.org/@swc/counter/-/counter-0.1.3.tgz 730ms (cache miss)
2976 http fetch GET 200 https://registry.npmjs.org/concat-map/-/concat-map-0.0.1.tgz 731ms (cache miss)
2977 http fetch GET 200 https://registry.npmjs.org/balanced-match/-/balanced-match-1.0.2.tgz 736ms (cache miss)
2978 http fetch GET 200 https://registry.npmjs.org/brace-expansion/-/brace-expansion-1.1.14.tgz 740ms (cache miss)
2979 http fetch GET 200 https://registry.npmjs.org/to-regex-range/-/to-regex-range-5.0.1.tgz 750ms (cache miss)
2980 http fetch GET 200 https://registry.npmjs.org/detect-libc/-/detect-libc-2.1.2.tgz 745ms (cache miss)
2981 http fetch GET 200 https://registry.npmjs.org/busboy/-/busboy-1.6.0.tgz 757ms (cache miss)
2982 http fetch GET 200 https://registry.npmjs.org/node-exports-info/-/node-exports-info-1.6.0.tgz 764ms (cache miss)
2983 http fetch GET 200 https://registry.npmjs.org/picomatch/-/picomatch-2.3.2.tgz 769ms (cache miss)
2984 http fetch GET 200 https://registry.npmjs.org/fill-range/-/fill-range-7.1.1.tgz 789ms (cache miss)
2985 http fetch GET 200 https://registry.npmjs.org/braces/-/braces-3.0.3.tgz 794ms (cache miss)
2986 http fetch GET 200 https://registry.npmjs.org/type-check/-/type-check-0.4.0.tgz 803ms (cache miss)
2987 http fetch GET 200 https://registry.npmjs.org/set-function-name/-/set-function-name-2.0.2.tgz 807ms (cache miss)
2988 http fetch GET 200 https://registry.npmjs.org/prelude-ls/-/prelude-ls-1.2.1.tgz 819ms (cache miss)
2989 http fetch GET 200 https://registry.npmjs.org/json-buffer/-/json-buffer-3.0.1.tgz 835ms (cache miss)
2990 http fetch GET 200 https://registry.npmjs.org/sharp/-/sharp-0.34.5.tgz 872ms (cache miss)
2991 http fetch GET 200 https://registry.npmjs.org/is-extglob/-/is-extglob-2.1.1.tgz 859ms (cache miss)
2992 http fetch GET 200 https://registry.npmjs.org/p-locate/-/p-locate-5.0.0.tgz 860ms (cache miss)
2993 http fetch GET 200 https://registry.npmjs.org/resolve-from/-/resolve-from-4.0.0.tgz 884ms (cache miss)
2994 http fetch GET 200 https://registry.npmjs.org/flatted/-/flatted-3.4.2.tgz 926ms (cache miss)
2995 http fetch GET 200 https://registry.npmjs.org/dunder-proto/-/dunder-proto-1.0.1.tgz 928ms (cache miss)
2996 http fetch GET 200 https://registry.npmjs.org/parent-module/-/parent-module-1.0.1.tgz 943ms (cache miss)
2997 http fetch GET 200 https://registry.npmjs.org/path-exists/-/path-exists-4.0.0.tgz 991ms (cache miss)
2998 http fetch GET 200 https://registry.npmjs.org/keyv/-/keyv-4.5.4.tgz 1003ms (cache miss)
2999 http fetch GET 200 https://registry.npmjs.org/resolve-pkg-maps/-/resolve-pkg-maps-1.0.0.tgz 1153ms (cache miss)
3000 http fetch GET 200 https://registry.npmjs.org/run-parallel/-/run-parallel-1.2.0.tgz 1211ms (cache miss)
3001 http fetch GET 200 https://registry.npmjs.org/reusify/-/reusify-1.1.0.tgz 1273ms (cache miss)
3002 http fetch GET 200 https://registry.npmjs.org/@next/env/-/env-15.3.3.tgz 1299ms (cache miss)
3003 http fetch GET 200 https://registry.npmjs.org/@nodelib/fs.scandir/-/fs.scandir-2.1.5.tgz 1331ms (cache miss)
3004 http fetch GET 200 https://registry.npmjs.org/flat-cache/-/flat-cache-4.0.1.tgz 1339ms (cache miss)
3005 http fetch GET 200 https://registry.npmjs.org/fastq/-/fastq-1.20.1.tgz 1354ms (cache miss)
3006 http fetch GET 200 https://registry.npmjs.org/side-channel/-/side-channel-1.1.0.tgz 1368ms (cache miss)
3007 http fetch GET 200 https://registry.npmjs.org/merge2/-/merge2-1.4.1.tgz 1440ms (cache miss)
3008 http fetch GET 200 https://registry.npmjs.org/functions-have-names/-/functions-have-names-1.2.3.tgz 1449ms (cache miss)
3009 http fetch GET 200 https://registry.npmjs.org/acorn-jsx/-/acorn-jsx-5.3.2.tgz 1444ms (cache miss)
3010 http fetch GET 200 https://registry.npmjs.org/argparse/-/argparse-2.0.1.tgz 1468ms (cache miss)
3011 http fetch GET 200 https://registry.npmjs.org/esrecurse/-/esrecurse-4.3.0.tgz 1475ms (cache miss)
3012 http fetch GET 200 https://registry.npmjs.org/object.entries/-/object.entries-1.1.9.tgz 1492ms (cache miss)
3013 http fetch GET 200 https://registry.npmjs.org/language-subtag-registry/-/language-subtag-registry-0.3.23.tgz 1504ms (cache miss)
3014 http fetch GET 200 https://registry.npmjs.org/prop-types/-/prop-types-15.8.1.tgz 1506ms (cache miss)
3015 http fetch GET 200 https://registry.npmjs.org/locate-path/-/locate-path-6.0.0.tgz 1537ms (cache miss)
3016 http fetch GET 200 https://registry.npmjs.org/string.prototype.matchall/-/string.prototype.matchall-4.0.12.tgz 1549ms (cache miss)
3017 http fetch GET 200 https://registry.npmjs.org/iterator.prototype/-/iterator.prototype-1.1.5.tgz 1551ms (cache miss)
3018 http fetch GET 200 https://registry.npmjs.org/string.prototype.repeat/-/string.prototype.repeat-1.0.0.tgz 1552ms (cache miss)
3019 http fetch GET 200 https://registry.npmjs.org/estraverse/-/estraverse-5.3.0.tgz 1595ms (cache miss)
3020 http fetch GET 200 https://registry.npmjs.org/@nodelib/fs.walk/-/fs.walk-1.2.8.tgz 1654ms (cache miss)
3021 http fetch GET 200 https://registry.npmjs.org/array.prototype.tosorted/-/array.prototype.tosorted-1.1.4.tgz 1654ms (cache miss)
3022 http fetch GET 200 https://registry.npmjs.org/array.prototype.findlast/-/array.prototype.findlast-1.2.5.tgz 1656ms (cache miss)
3023 http fetch GET 200 https://registry.npmjs.org/@nodelib/fs.stat/-/fs.stat-2.0.5.tgz 1687ms (cache miss)
3024 http fetch GET 200 https://registry.npmjs.org/styled-jsx/-/styled-jsx-5.1.6.tgz 1717ms (cache miss)
3025 http fetch GET 200 https://registry.npmjs.org/is-symbol/-/is-symbol-1.1.1.tgz 1731ms (cache miss)
3026 http fetch GET 200 https://registry.npmjs.org/has-tostringtag/-/has-tostringtag-1.0.2.tgz 1797ms (cache miss)
3027 http fetch GET 200 https://registry.npmjs.org/possible-typed-array-names/-/possible-typed-array-names-1.1.0.tgz 1855ms (cache miss)
3028 http fetch GET 200 https://registry.npmjs.org/acorn/-/acorn-8.16.0.tgz 1890ms (cache miss)
3029 http fetch GET 200 https://registry.npmjs.org/es-iterator-helpers/-/es-iterator-helpers-1.3.2.tgz 1897ms (cache miss)
3030 http fetch GET 200 https://registry.npmjs.org/micromatch/-/micromatch-4.0.8.tgz 2028ms (cache miss)
3031 http fetch GET 200 https://registry.npmjs.org/unbox-primitive/-/unbox-primitive-1.1.0.tgz 2019ms (cache miss)
3032 http fetch GET 200 https://registry.npmjs.org/is-date-object/-/is-date-object-1.1.0.tgz 2098ms (cache miss)
3033 http fetch GET 200 https://registry.npmjs.org/which-typed-array/-/which-typed-array-1.1.20.tgz 2128ms (cache miss)
3034 http fetch GET 200 https://registry.npmjs.org/jsx-ast-utils/-/jsx-ast-utils-3.3.5.tgz 2138ms (cache miss)
3035 http fetch GET 200 https://registry.npmjs.org/ast-types-flow/-/ast-types-flow-0.0.8.tgz 2129ms (cache miss)
3036 http fetch GET 200 https://registry.npmjs.org/typed-array-byte-offset/-/typed-array-byte-offset-1.0.4.tgz 2162ms (cache miss)
3037 http fetch GET 200 https://registry.npmjs.org/typed-array-buffer/-/typed-array-buffer-1.0.3.tgz 2164ms (cache miss)
3038 http fetch GET 200 https://registry.npmjs.org/emoji-regex/-/emoji-regex-9.2.2.tgz 2173ms (cache miss)
3039 http fetch GET 200 https://registry.npmjs.org/damerau-levenshtein/-/damerau-levenshtein-1.0.8.tgz 2189ms (cache miss)
3040 http fetch GET 200 https://registry.npmjs.org/set-proto/-/set-proto-1.0.0.tgz 2184ms (cache miss)
3041 http fetch GET 200 https://registry.npmjs.org/@swc/helpers/-/helpers-0.5.15.tgz 2230ms (cache miss)
3042 http fetch GET 200 https://registry.npmjs.org/typed-array-length/-/typed-array-length-1.0.7.tgz 2197ms (cache miss)
3043 http fetch GET 200 https://registry.npmjs.org/string.prototype.includes/-/string.prototype.includes-2.0.1.tgz 2214ms (cache miss)
3044 http fetch GET 200 https://registry.npmjs.org/typed-array-byte-length/-/typed-array-byte-length-1.0.3.tgz 2204ms (cache miss)
3045 http fetch GET 200 https://registry.npmjs.org/stop-iteration-iterator/-/stop-iteration-iterator-1.1.0.tgz 2206ms (cache miss)
3046 http fetch GET 200 https://registry.npmjs.org/safe-array-concat/-/safe-array-concat-1.1.4.tgz 2223ms (cache miss)
3047 http fetch GET 200 https://registry.npmjs.org/safe-push-apply/-/safe-push-apply-1.0.0.tgz 2244ms (cache miss)
3048 http fetch GET 200 https://registry.npmjs.org/axe-core/-/axe-core-4.11.4.tgz 2279ms (cache miss)
3049 http fetch GET 200 https://registry.npmjs.org/string.prototype.trimstart/-/string.prototype.trimstart-1.0.8.tgz 2270ms (cache miss)
3050 http fetch GET 200 https://registry.npmjs.org/is-weakref/-/is-weakref-1.1.1.tgz 2300ms (cache miss)
3051 http fetch GET 200 https://registry.npmjs.org/safe-regex-test/-/safe-regex-test-1.1.0.tgz 2304ms (cache miss)
3052 http fetch GET 200 https://registry.npmjs.org/is-typed-array/-/is-typed-array-1.1.15.tgz 2301ms (cache miss)
3053 http fetch GET 200 https://registry.npmjs.org/is-set/-/is-set-2.0.3.tgz 2316ms (cache miss)
3054 http fetch GET 200 https://registry.npmjs.org/own-keys/-/own-keys-1.0.1.tgz 2355ms (cache miss)
3055 http fetch GET 200 https://registry.npmjs.org/is-shared-array-buffer/-/is-shared-array-buffer-1.0.4.tgz 2363ms (cache miss)
3056 http fetch GET 200 https://registry.npmjs.org/is-data-view/-/is-data-view-1.0.2.tgz 2376ms (cache miss)
3057 http fetch GET 200 https://registry.npmjs.org/is-regex/-/is-regex-1.2.1.tgz 2382ms (cache miss)
3058 http fetch GET 200 https://registry.npmjs.org/object-inspect/-/object-inspect-1.13.4.tgz 2415ms (cache miss)
3059 http fetch GET 200 https://registry.npmjs.org/regexp.prototype.flags/-/regexp.prototype.flags-1.5.4.tgz 2413ms (cache miss)
3060 http fetch GET 200 https://registry.npmjs.org/is-array-buffer/-/is-array-buffer-3.0.5.tgz 2466ms (cache miss)
3061 http fetch GET 200 https://registry.npmjs.org/aria-query/-/aria-query-5.3.2.tgz 2495ms (cache miss)
3062 http fetch GET 200 https://registry.npmjs.org/object.assign/-/object.assign-4.1.7.tgz 2596ms (cache miss)
3063 http fetch GET 200 https://registry.npmjs.org/string.prototype.trim/-/string.prototype.trim-1.2.10.tgz 2636ms (cache miss)
3064 http fetch GET 200 https://registry.npmjs.org/internal-slot/-/internal-slot-1.1.0.tgz 2623ms (cache miss)
3065 http fetch GET 200 https://registry.npmjs.org/es-set-tostringtag/-/es-set-tostringtag-2.1.0.tgz 2652ms (cache miss)
3066 http fetch GET 200 https://registry.npmjs.org/function.prototype.name/-/function.prototype.name-1.1.8.tgz 2654ms (cache miss)
3067 http fetch GET 200 https://registry.npmjs.org/has-symbols/-/has-symbols-1.1.0.tgz 2656ms (cache miss)
3068 http fetch GET 200 https://registry.npmjs.org/data-view-byte-length/-/data-view-byte-length-1.0.2.tgz 2682ms (cache miss)
3069 http fetch GET 200 https://registry.npmjs.org/language-tags/-/language-tags-1.0.9.tgz 2723ms (cache miss)
3070 http fetch GET 200 https://registry.npmjs.org/is-negative-zero/-/is-negative-zero-2.0.3.tgz 2702ms (cache miss)
3071 http fetch GET 200 https://registry.npmjs.org/data-view-byte-offset/-/data-view-byte-offset-1.0.1.tgz 2737ms (cache miss)
3072 http fetch GET 200 https://registry.npmjs.org/available-typed-arrays/-/available-typed-arrays-1.0.7.tgz 2736ms (cache miss)
3073 http fetch GET 200 https://registry.npmjs.org/globalthis/-/globalthis-1.0.4.tgz 2740ms (cache miss)
3074 http fetch GET 200 https://registry.npmjs.org/get-symbol-description/-/get-symbol-description-1.1.0.tgz 2739ms (cache miss)
3075 http fetch GET 200 https://registry.npmjs.org/@unrs/resolver-binding-win32-x64-msvc/-/resolver-binding-win32-x64-msvc-1.11.1.tgz 2817ms (cache miss)
3076 http fetch GET 200 https://registry.npmjs.org/data-view-buffer/-/data-view-buffer-1.0.2.tgz 2748ms (cache miss)
3077 http fetch GET 200 https://registry.npmjs.org/is-callable/-/is-callable-1.2.7.tgz 2761ms (cache miss)
3078 http fetch GET 200 https://registry.npmjs.org/has-property-descriptors/-/has-property-descriptors-1.0.2.tgz 2793ms (cache miss)
3079 http fetch GET 200 https://registry.npmjs.org/arraybuffer.prototype.slice/-/arraybuffer.prototype.slice-1.0.4.tgz 2795ms (cache miss)
3080 http fetch GET 200 https://registry.npmjs.org/array-buffer-byte-length/-/array-buffer-byte-length-1.0.2.tgz 2796ms (cache miss)
3081 http fetch GET 200 https://registry.npmjs.org/gopd/-/gopd-1.2.0.tgz 2800ms (cache miss)
3082 http fetch GET 200 https://registry.npmjs.org/has-proto/-/has-proto-1.2.0.tgz 2814ms (cache miss)
3083 http fetch GET 200 https://registry.npmjs.org/call-bind-apply-helpers/-/call-bind-apply-helpers-1.0.2.tgz 2815ms (cache miss)
3084 http fetch GET 200 https://registry.npmjs.org/object-keys/-/object-keys-1.1.1.tgz 2827ms (cache miss)
3085 http fetch GET 200 https://registry.npmjs.org/get-proto/-/get-proto-1.0.1.tgz 2832ms (cache miss)
3086 http fetch GET 200 https://registry.npmjs.org/axobject-query/-/axobject-query-4.1.0.tgz 2860ms (cache miss)
3087 http fetch GET 200 https://registry.npmjs.org/function-bind/-/function-bind-1.1.2.tgz 2841ms (cache miss)
3088 http fetch GET 200 https://registry.npmjs.org/set-function-length/-/set-function-length-1.2.2.tgz 2846ms (cache miss)
3089 http fetch GET 200 https://registry.npmjs.org/is-string/-/is-string-1.1.1.tgz 2848ms (cache miss)
3090 http fetch GET 200 https://registry.npmjs.org/es-shim-unscopables/-/es-shim-unscopables-1.1.0.tgz 2857ms (cache miss)
3091 http fetch GET 200 https://registry.npmjs.org/math-intrinsics/-/math-intrinsics-1.1.0.tgz 2918ms (cache miss)
3092 http fetch GET 200 https://registry.npmjs.org/es-define-property/-/es-define-property-1.0.1.tgz 2949ms (cache miss)
3093 http fetch GET 200 https://registry.npmjs.org/define-properties/-/define-properties-1.2.1.tgz 2946ms (cache miss)
3094 http fetch GET 200 https://registry.npmjs.org/es-errors/-/es-errors-1.3.0.tgz 2948ms (cache miss)
3095 http fetch GET 200 https://registry.npmjs.org/object.groupby/-/object.groupby-1.0.3.tgz 2947ms (cache miss)
3096 http fetch GET 200 https://registry.npmjs.org/define-data-property/-/define-data-property-1.1.4.tgz 2955ms (cache miss)
3097 http fetch GET 200 https://registry.npmjs.org/call-bound/-/call-bound-1.0.4.tgz 2962ms (cache miss)
3098 http fetch GET 200 https://registry.npmjs.org/get-intrinsic/-/get-intrinsic-1.3.0.tgz 2962ms (cache miss)
3099 http fetch GET 200 https://registry.npmjs.org/es-to-primitive/-/es-to-primitive-1.3.0.tgz 2974ms (cache miss)
3100 http fetch GET 200 https://registry.npmjs.org/es-object-atoms/-/es-object-atoms-1.1.1.tgz 2974ms (cache miss)
3101 http fetch GET 200 https://registry.npmjs.org/call-bind/-/call-bind-1.0.9.tgz 3018ms (cache miss)
3102 http fetch GET 200 https://registry.npmjs.org/@rtsao/scc/-/scc-1.1.0.tgz 3015ms (cache miss)
3103 http fetch GET 200 https://registry.npmjs.org/array.prototype.flat/-/array.prototype.flat-1.3.3.tgz 3032ms (cache miss)
3104 http fetch GET 200 https://registry.npmjs.org/object.fromentries/-/object.fromentries-2.0.8.tgz 3063ms (cache miss)
3105 http fetch GET 200 https://registry.npmjs.org/hasown/-/hasown-2.0.3.tgz 3078ms (cache miss)
3106 http fetch GET 200 https://registry.npmjs.org/string.prototype.trimend/-/string.prototype.trimend-1.0.9.tgz 3110ms (cache miss)
3107 http fetch GET 200 https://registry.npmjs.org/unrs-resolver/-/unrs-resolver-1.11.1.tgz 3110ms (cache miss)
3108 http fetch GET 200 https://registry.npmjs.org/array.prototype.flatmap/-/array.prototype.flatmap-1.3.3.tgz 3109ms (cache miss)
3109 http fetch GET 200 https://registry.npmjs.org/caniuse-lite/-/caniuse-lite-1.0.30001792.tgz 3234ms (cache miss)
3110 http fetch GET 200 https://registry.npmjs.org/doctrine/-/doctrine-2.1.0.tgz 3178ms (cache miss)
3111 http fetch GET 200 https://registry.npmjs.org/eslint-module-utils/-/eslint-module-utils-2.12.1.tgz 3176ms (cache miss)
3112 http fetch GET 200 https://registry.npmjs.org/tinyglobby/-/tinyglobby-0.2.16.tgz 3182ms (cache miss)
3113 http fetch GET 200 https://registry.npmjs.org/@nolyfill/is-core-module/-/is-core-module-1.0.39.tgz 3185ms (cache miss)
3114 http fetch GET 200 https://registry.npmjs.org/stable-hash/-/stable-hash-0.0.5.tgz 3190ms (cache miss)
3115 http fetch GET 200 https://registry.npmjs.org/array.prototype.findlastindex/-/array.prototype.findlastindex-1.2.6.tgz 3219ms (cache miss)
3116 http fetch GET 200 https://registry.npmjs.org/tsconfig-paths/-/tsconfig-paths-3.15.0.tgz 3243ms (cache miss)
3117 http fetch GET 200 https://registry.npmjs.org/is-bun-module/-/is-bun-module-2.0.0.tgz 3229ms (cache miss)
3118 http fetch GET 200 https://registry.npmjs.org/array-includes/-/array-includes-3.1.9.tgz 3260ms (cache miss)
3119 http fetch GET 200 https://registry.npmjs.org/@typescript-eslint/project-service/-/project-service-8.59.2.tgz 3281ms (cache miss)
3120 http fetch GET 200 https://registry.npmjs.org/get-tsconfig/-/get-tsconfig-4.14.0.tgz 3302ms (cache miss)
3121 http fetch GET 200 https://registry.npmjs.org/ts-api-utils/-/ts-api-utils-2.5.0.tgz 3310ms (cache miss)
3122 http fetch GET 200 https://registry.npmjs.org/is-core-module/-/is-core-module-2.16.2.tgz 3321ms (cache miss)
3123 http fetch GET 200 https://registry.npmjs.org/resolve/-/resolve-2.0.0-next.6.tgz 3357ms (cache miss)
3124 http fetch GET 200 https://registry.npmjs.org/object.values/-/object.values-1.2.1.tgz 3371ms (cache miss)
3125 http fetch GET 200 https://registry.npmjs.org/eslint-plugin-react-hooks/-/eslint-plugin-react-hooks-5.2.0.tgz 3409ms (cache miss)
3126 http fetch GET 200 https://registry.npmjs.org/semver/-/semver-7.8.0.tgz 3438ms (cache miss)
3127 http fetch GET 200 https://registry.npmjs.org/eslint-import-resolver-node/-/eslint-import-resolver-node-0.3.10.tgz 3462ms (cache miss)
3128 http fetch GET 200 https://registry.npmjs.org/@typescript-eslint/utils/-/utils-8.59.2.tgz 3484ms (cache miss)
3129 http fetch GET 200 https://registry.npmjs.org/@typescript-eslint/tsconfig-utils/-/tsconfig-utils-8.59.2.tgz 3491ms (cache miss)
3130 http fetch GET 200 https://registry.npmjs.org/fast-glob/-/fast-glob-3.3.1.tgz 3518ms (cache miss)
3131 http fetch GET 200 https://registry.npmjs.org/@typescript-eslint/type-utils/-/type-utils-8.59.2.tgz 3523ms (cache miss)
3132 http fetch GET 200 https://registry.npmjs.org/@typescript-eslint/visitor-keys/-/visitor-keys-8.59.2.tgz 3595ms (cache miss)
3133 http fetch GET 200 https://registry.npmjs.org/eslint-import-resolver-typescript/-/eslint-import-resolver-typescript-3.10.1.tgz 3599ms (cache miss)
3134 http fetch GET 200 https://registry.npmjs.org/path-key/-/path-key-3.1.1.tgz 3596ms (cache miss)
3135 http fetch GET 200 https://registry.npmjs.org/shebang-command/-/shebang-command-2.0.0.tgz 3642ms (cache miss)
3136 http fetch GET 200 https://registry.npmjs.org/@humanfs/types/-/types-0.15.0.tgz 3668ms (cache miss)
3137 http fetch GET 200 https://registry.npmjs.org/supports-color/-/supports-color-7.2.0.tgz 3702ms (cache miss)
3138 http fetch GET 200 https://registry.npmjs.org/@typescript-eslint/parser/-/parser-8.59.2.tgz 3718ms (cache miss)
3139 http fetch GET 200 https://registry.npmjs.org/color-name/-/color-name-1.1.4.tgz 3739ms (cache miss)
3140 http fetch GET 200 https://registry.npmjs.org/color-convert/-/color-convert-2.0.1.tgz 3749ms (cache miss)
3141 http fetch GET 200 https://registry.npmjs.org/@types/json-schema/-/json-schema-7.0.15.tgz 3782ms (cache miss)
3142 http fetch GET 200 https://registry.npmjs.org/ansi-styles/-/ansi-styles-4.3.0.tgz 3841ms (cache miss)
3143 http fetch GET 200 https://registry.npmjs.org/@humanfs/core/-/core-0.19.2.tgz 3861ms (cache miss)
3144 http fetch GET 200 https://registry.npmjs.org/optionator/-/optionator-0.9.4.tgz 3880ms (cache miss)
3145 http fetch GET 200 https://registry.npmjs.org/@eslint/object-schema/-/object-schema-2.1.7.tgz 3883ms (cache miss)
3146 http fetch GET 200 https://registry.npmjs.org/levn/-/levn-0.4.1.tgz 3887ms (cache miss)
3147 http fetch GET 200 https://registry.npmjs.org/@next/eslint-plugin-next/-/eslint-plugin-next-15.3.3.tgz 3895ms (cache miss)
3148 http fetch GET 200 https://registry.npmjs.org/@typescript-eslint/types/-/types-8.59.2.tgz 3925ms (cache miss)
3149 http fetch GET 200 https://registry.npmjs.org/natural-compare/-/natural-compare-1.4.0.tgz 3926ms (cache miss)
3150 http fetch GET 200 https://registry.npmjs.org/which/-/which-2.0.2.tgz 3952ms (cache miss)
3151 http fetch GET 200 https://registry.npmjs.org/lodash.merge/-/lodash.merge-4.6.2.tgz 3955ms (cache miss)
3152 http fetch GET 200 https://registry.npmjs.org/glob-parent/-/glob-parent-6.0.2.tgz 3956ms (cache miss)
3153 http fetch GET 200 https://registry.npmjs.org/is-glob/-/is-glob-4.0.3.tgz 3955ms (cache miss)
3154 http fetch GET 200 https://registry.npmjs.org/@typescript-eslint/typescript-estree/-/typescript-estree-8.59.2.tgz 3980ms (cache miss)
3155 http fetch GET 200 https://registry.npmjs.org/imurmurhash/-/imurmurhash-0.1.4.tgz 3992ms (cache miss)
3156 http fetch GET 200 https://registry.npmjs.org/escape-string-regexp/-/escape-string-regexp-4.0.0.tgz 4020ms (cache miss)
3157 http fetch GET 200 https://registry.npmjs.org/find-up/-/find-up-5.0.0.tgz 4019ms (cache miss)
3158 http fetch GET 200 https://registry.npmjs.org/json-stable-stringify-without-jsonify/-/json-stable-stringify-without-jsonify-1.0.1.tgz 4019ms (cache miss)
3159 http fetch GET 200 https://registry.npmjs.org/file-entry-cache/-/file-entry-cache-8.0.0.tgz 4035ms (cache miss)
3160 http fetch GET 200 https://registry.npmjs.org/esutils/-/esutils-2.0.3.tgz 4036ms (cache miss)
3161 http fetch GET 200 https://registry.npmjs.org/eslint-visitor-keys/-/eslint-visitor-keys-4.2.1.tgz 4056ms (cache miss)
3162 http fetch GET 200 https://registry.npmjs.org/eslint-scope/-/eslint-scope-8.4.0.tgz 4096ms (cache miss)
3163 http fetch GET 200 https://registry.npmjs.org/chalk/-/chalk-4.1.2.tgz 4098ms (cache miss)
3164 http fetch GET 200 https://registry.npmjs.org/cross-spawn/-/cross-spawn-7.0.6.tgz 4102ms (cache miss)
3165 http fetch GET 200 https://registry.npmjs.org/@eslint/plugin-kit/-/plugin-kit-0.4.1.tgz 4147ms (cache miss)
3166 http fetch GET 200 https://registry.npmjs.org/ms/-/ms-2.1.3.tgz 4153ms (cache miss)
3167 http fetch GET 200 https://registry.npmjs.org/graceful-fs/-/graceful-fs-4.2.11.tgz 4158ms (cache miss)
3168 http fetch GET 200 https://registry.npmjs.org/@types/estree/-/estree-1.0.9.tgz 4178ms (cache miss)
3169 http fetch GET 200 https://registry.npmjs.org/@humanwhocodes/module-importer/-/module-importer-1.0.1.tgz 4186ms (cache miss)
3170 http fetch GET 200 https://registry.npmjs.org/eslint-plugin-jsx-a11y/-/eslint-plugin-jsx-a11y-6.10.2.tgz 4216ms (cache miss)
3171 http fetch GET 200 https://registry.npmjs.org/@eslint/config-helpers/-/config-helpers-0.4.2.tgz 4201ms (cache miss)
3172 http fetch GET 200 https://registry.npmjs.org/@rushstack/eslint-patch/-/eslint-patch-1.16.1.tgz 4238ms (cache miss)
3173 http fetch GET 200 https://registry.npmjs.org/@humanwhocodes/retry/-/retry-0.4.3.tgz 4226ms (cache miss)
3174 http fetch GET 200 https://registry.npmjs.org/@eslint/js/-/js-9.39.4.tgz 4258ms (cache miss)
3175 http fetch GET 200 https://registry.npmjs.org/@humanfs/node/-/node-0.16.8.tgz 4261ms (cache miss)
3176 http fetch GET 200 https://registry.npmjs.org/fast-deep-equal/-/fast-deep-equal-3.1.3.tgz 4333ms (cache miss)
3177 http fetch GET 200 https://registry.npmjs.org/fast-json-stable-stringify/-/fast-json-stable-stringify-2.1.0.tgz 4339ms (cache miss)
3178 http fetch GET 200 https://registry.npmjs.org/esquery/-/esquery-1.7.0.tgz 4445ms (cache miss)
3179 http fetch GET 200 https://registry.npmjs.org/tapable/-/tapable-2.3.3.tgz 4463ms (cache miss)
3180 http fetch GET 200 https://registry.npmjs.org/@jridgewell/sourcemap-codec/-/sourcemap-codec-1.5.5.tgz 4513ms (cache miss)
3181 http fetch GET 200 https://registry.npmjs.org/undici-types/-/undici-types-6.21.0.tgz 4513ms (cache miss)
3182 http fetch GET 200 https://registry.npmjs.org/json-schema-traverse/-/json-schema-traverse-0.4.1.tgz 4528ms (cache miss)
3183 http fetch GET 200 https://registry.npmjs.org/@jridgewell/resolve-uri/-/resolve-uri-3.1.2.tgz 4578ms (cache miss)
3184 http fetch GET 200 https://registry.npmjs.org/@eslint-community/eslint-utils/-/eslint-utils-4.9.1.tgz 4583ms (cache miss)
3185 http fetch GET 200 https://registry.npmjs.org/@eslint/core/-/core-0.17.0.tgz 4586ms (cache miss)
3186 http fetch GET 200 https://registry.npmjs.org/@eslint/config-array/-/config-array-0.21.2.tgz 4591ms (cache miss)
3187 http fetch GET 200 https://registry.npmjs.org/@jridgewell/gen-mapping/-/gen-mapping-0.3.13.tgz 4638ms (cache miss)
3188 http fetch GET 200 https://registry.npmjs.org/source-map-js/-/source-map-js-1.2.1.tgz 4663ms (cache miss)
3189 http fetch GET 200 https://registry.npmjs.org/magic-string/-/magic-string-0.30.21.tgz 4673ms (cache miss)
3190 http fetch GET 200 https://registry.npmjs.org/@jridgewell/trace-mapping/-/trace-mapping-0.3.31.tgz 4684ms (cache miss)
3191 http fetch GET 200 https://registry.npmjs.org/@typescript-eslint/scope-manager/-/scope-manager-8.59.2.tgz 4736ms (cache miss)
3192 http fetch GET 200 https://registry.npmjs.org/csstype/-/csstype-3.2.3.tgz 4761ms (cache miss)
3193 http fetch GET 200 https://registry.npmjs.org/@jridgewell/remapping/-/remapping-2.3.5.tgz 4796ms (cache miss)
3194 http fetch GET 200 https://registry.npmjs.org/enhanced-resolve/-/enhanced-resolve-5.21.2.tgz 4817ms (cache miss)
3195 http fetch GET 200 https://registry.npmjs.org/minimatch/-/minimatch-3.1.5.tgz 4821ms (cache miss)
3196 http fetch GET 200 https://registry.npmjs.org/@alloc/quick-lru/-/quick-lru-5.2.0.tgz 4832ms (cache miss)
3197 http fetch GET 200 https://registry.npmjs.org/@tailwindcss/node/-/node-4.3.0.tgz 4874ms (cache miss)
3198 http fetch GET 200 https://registry.npmjs.org/@eslint-community/regexpp/-/regexpp-4.12.2.tgz 4897ms (cache miss)
3199 http fetch GET 200 https://registry.npmjs.org/import-fresh/-/import-fresh-3.3.1.tgz 4896ms (cache miss)
3200 http fetch GET 200 https://registry.npmjs.org/@tailwindcss/oxide/-/oxide-4.3.0.tgz 4903ms (cache miss)
3201 http fetch GET 200 https://registry.npmjs.org/eslint-plugin-import/-/eslint-plugin-import-2.32.0.tgz 4982ms (cache miss)
3202 http fetch GET 200 https://registry.npmjs.org/strip-json-comments/-/strip-json-comments-3.1.1.tgz 4954ms (cache miss)
3203 http fetch GET 200 https://registry.npmjs.org/postcss/-/postcss-8.5.14.tgz 4994ms (cache miss)
3204 http fetch GET 200 https://registry.npmjs.org/js-yaml/-/js-yaml-4.1.1.tgz 5086ms (cache miss)
3205 http fetch GET 200 https://registry.npmjs.org/ignore/-/ignore-5.3.2.tgz 5095ms (cache miss)
3206 http fetch GET 200 https://registry.npmjs.org/eslint-config-next/-/eslint-config-next-15.3.3.tgz 5096ms (cache miss)
3207 http fetch GET 200 https://registry.npmjs.org/globals/-/globals-14.0.0.tgz 5107ms (cache miss)
3208 http fetch GET 200 https://registry.npmjs.org/debug/-/debug-4.4.3.tgz 5105ms (cache miss)
3209 http fetch GET 200 https://registry.npmjs.org/espree/-/espree-10.4.0.tgz 5117ms (cache miss)
3210 http fetch GET 200 https://registry.npmjs.org/lightningcss/-/lightningcss-1.32.0.tgz 5123ms (cache miss)
3211 http fetch GET 200 https://registry.npmjs.org/@types/react/-/react-19.2.14.tgz 5132ms (cache miss)
3212 http fetch GET 200 https://registry.npmjs.org/@types/react-dom/-/react-dom-19.2.3.tgz 5208ms (cache miss)
3213 http fetch GET 200 https://registry.npmjs.org/@tailwindcss/postcss/-/postcss-4.3.0.tgz 5346ms (cache miss)
3214 http fetch GET 200 https://registry.npmjs.org/jiti/-/jiti-2.7.0.tgz 5359ms (cache miss)
3215 http fetch GET 200 https://registry.npmjs.org/react/-/react-19.2.6.tgz 5355ms (cache miss)
3216 http fetch GET 200 https://registry.npmjs.org/uri-js/-/uri-js-4.4.1.tgz 5411ms (cache miss)
3217 http fetch GET 200 https://registry.npmjs.org/@typescript-eslint/eslint-plugin/-/eslint-plugin-8.59.2.tgz 5495ms (cache miss)
3218 http fetch GET 200 https://registry.npmjs.org/debug/-/debug-3.2.7.tgz 5569ms (cache miss)
3219 http fetch GET 200 https://registry.npmjs.org/picomatch/-/picomatch-4.0.4.tgz 5664ms (cache miss)
3220 http fetch GET 200 https://registry.npmjs.org/ajv/-/ajv-6.15.0.tgz 5683ms (cache miss)
3221 http fetch GET 200 https://registry.npmjs.org/semver/-/semver-6.3.1.tgz 5723ms (cache miss)
3222 http fetch GET 200 https://registry.npmjs.org/eslint-visitor-keys/-/eslint-visitor-keys-5.0.1.tgz 5756ms (cache miss)
3223 http fetch GET 200 https://registry.npmjs.org/tailwindcss/-/tailwindcss-4.3.0.tgz 5828ms (cache miss)
3224 http fetch GET 200 https://registry.npmjs.org/semver/-/semver-6.3.1.tgz 6075ms (cache miss)
3225 http fetch GET 200 https://registry.npmjs.org/eslint-plugin-react/-/eslint-plugin-react-7.37.5.tgz 6211ms (cache miss)
3226 http fetch GET 200 https://registry.npmjs.org/balanced-match/-/balanced-match-4.0.4.tgz 6324ms (cache miss)
3227 http fetch GET 200 https://registry.npmjs.org/debug/-/debug-3.2.7.tgz 6332ms (cache miss)
3228 http fetch GET 200 https://registry.npmjs.org/@eslint/eslintrc/-/eslintrc-3.3.5.tgz 6356ms (cache miss)
3229 http fetch GET 200 https://registry.npmjs.org/eslint/-/eslint-9.39.4.tgz 6361ms (cache miss)
3230 http fetch GET 200 https://registry.npmjs.org/eslint-visitor-keys/-/eslint-visitor-keys-3.4.3.tgz 6434ms (cache miss)
3231 http fetch GET 200 https://registry.npmjs.org/semver/-/semver-6.3.1.tgz 6460ms (cache miss)
3232 http fetch GET 200 https://registry.npmjs.org/minimatch/-/minimatch-10.2.5.tgz 6473ms (cache miss)
3233 http fetch GET 200 https://registry.npmjs.org/@types/node/-/node-20.19.40.tgz 6491ms (cache miss)
3234 http fetch GET 200 https://registry.npmjs.org/debug/-/debug-3.2.7.tgz 6565ms (cache miss)
3235 http fetch GET 200 https://registry.npmjs.org/postcss/-/postcss-8.4.31.tgz 6626ms (cache miss)
3236 http fetch GET 200 https://registry.npmjs.org/ignore/-/ignore-7.0.5.tgz 6645ms (cache miss)
3237 http fetch GET 200 https://registry.npmjs.org/fdir/-/fdir-6.5.0.tgz 6774ms (cache miss)
3238 http fetch GET 200 https://registry.npmjs.org/brace-expansion/-/brace-expansion-5.0.6.tgz 6821ms (cache miss)
3239 http fetch GET 200 https://registry.npmjs.org/glob-parent/-/glob-parent-5.1.2.tgz 6895ms (cache miss)
3240 http fetch GET 200 https://registry.npmjs.org/postcss 6754ms (cache miss)
3241 silly packumentCache corgi:https://registry.npmjs.org/postcss set size:undefined disposed:false
3242 http fetch GET 200 https://registry.npmjs.org/es-abstract/-/es-abstract-1.24.2.tgz 7219ms (cache miss)
3243 http fetch GET 200 https://registry.npmjs.org/lightningcss-win32-x64-msvc/-/lightningcss-win32-x64-msvc-1.32.0.tgz 7298ms (cache miss)
3244 http fetch GET 200 https://registry.npmjs.org/react-dom/-/react-dom-19.2.6.tgz 8312ms (cache miss)
3245 http fetch GET 200 https://registry.npmjs.org/@tailwindcss/oxide-win32-x64-msvc/-/oxide-win32-x64-msvc-4.3.0.tgz 8601ms (cache miss)
3246 http fetch GET 200 https://registry.npmjs.org/next 10021ms (cache miss)
3247 silly packumentCache corgi:https://registry.npmjs.org/next set size:undefined disposed:false
3248 http fetch GET 200 https://registry.npmjs.org/typescript/-/typescript-5.9.3.tgz 12290ms (cache miss)
3249 http fetch GET 200 https://registry.npmjs.org/@img/sharp-win32-x64/-/sharp-win32-x64-0.34.5.tgz 16967ms (cache miss)
3250 http fetch GET 200 https://registry.npmjs.org/@next/swc-win32-x64-msvc/-/swc-win32-x64-msvc-15.3.3.tgz 26868ms (cache miss)
3251 http fetch GET 200 https://registry.npmjs.org/next/-/next-15.3.3.tgz 30626ms (cache miss)
3252 warn deprecated next@15.3.3: This version has a security vulnerability. Please upgrade to a patched version. See https://nextjs.org/blog/CVE-2025-66478 for more details.
3253 info run sharp@0.34.5 install node_modules/sharp node install/check.js || npm run build
3254 info run sharp@0.34.5 install { code: 0, signal: null }
3255 info run unrs-resolver@1.11.1 postinstall node_modules/unrs-resolver napi-postinstall unrs-resolver 1.11.1 check
3256 info run unrs-resolver@1.11.1 postinstall { code: 0, signal: null }
3257 silly ADD node_modules/is-weakset
3258 silly ADD node_modules/is-weakmap
3259 silly ADD node_modules/is-map
3260 silly ADD node_modules/generator-function
3261 silly ADD node_modules/async-function
3262 silly ADD node_modules/which-collection
3263 silly ADD node_modules/is-generator-function
3264 silly ADD node_modules/is-finalizationregistry
3265 silly ADD node_modules/is-async-function
3266 silly ADD node_modules/is-number-object
3267 silly ADD node_modules/is-boolean-object
3268 silly ADD node_modules/is-bigint
3269 silly ADD node_modules/isexe
3270 silly ADD node_modules/punycode
3271 silly ADD node_modules/napi-postinstall
3272 silly ADD node_modules/@unrs/resolver-binding-win32-x64-msvc
3273 silly ADD node_modules/which-boxed-primitive
3274 silly ADD node_modules/has-bigints
3275 silly ADD node_modules/which-builtin-type
3276 silly ADD node_modules/reflect.getprototypeof
3277 silly ADD node_modules/for-each
3278 silly ADD node_modules/strip-bom
3279 silly ADD node_modules/minimist
3280 silly ADD node_modules/json5
3281 silly ADD node_modules/@types/json5
3282 silly ADD node_modules/is-number
3283 silly ADD node_modules/has-flag
3284 silly ADD node_modules/client-only
3285 silly ADD node_modules/side-channel-weakmap
3286 silly ADD node_modules/side-channel-map
3287 silly ADD node_modules/side-channel-list
3288 silly ADD node_modules/shebang-regex
3289 silly ADD node_modules/@img/sharp-win32-x64
3290 silly ADD node_modules/@img/colour
3291 silly ADD node_modules/isarray
3292 silly ADD node_modules/queue-microtask
3293 silly ADD node_modules/supports-preserve-symlinks-flag
3294 silly ADD node_modules/path-parse
3295 silly ADD node_modules/node-exports-info
3296 silly ADD node_modules/node-exports-info/node_modules/semver
3297 silly ADD node_modules/scheduler
3298 silly ADD node_modules/js-tokens
3299 silly ADD node_modules/react-is
3300 silly ADD node_modules/object-assign
3301 silly ADD node_modules/loose-envify
3302 silly ADD node_modules/picocolors
3303 silly ADD node_modules/nanoid
3304 silly ADD node_modules/callsites
3305 silly ADD node_modules/yocto-queue
3306 silly ADD node_modules/p-limit
3307 silly ADD node_modules/word-wrap
3308 silly ADD node_modules/fast-levenshtein
3309 silly ADD node_modules/deep-is
3310 silly ADD node_modules/streamsearch
3311 silly ADD node_modules/tslib
3312 silly ADD node_modules/styled-jsx
3313 silly ADD node_modules/sharp
3314 silly ADD node_modules/caniuse-lite
3315 silly ADD node_modules/busboy
3316 silly ADD node_modules/@swc/helpers
3317 silly ADD node_modules/@swc/counter
3318 silly ADD node_modules/@next/swc-win32-x64-msvc
3319 silly ADD node_modules/@next/env
3320 silly ADD node_modules/concat-map
3321 silly ADD node_modules/balanced-match
3322 silly ADD node_modules/brace-expansion
3323 silly ADD node_modules/to-regex-range
3324 silly ADD node_modules/fill-range
3325 silly ADD node_modules/picomatch
3326 silly ADD node_modules/braces
3327 silly ADD node_modules/p-locate
3328 silly ADD node_modules/lightningcss-win32-x64-msvc
3329 silly ADD node_modules/detect-libc
3330 silly ADD node_modules/type-check
3331 silly ADD node_modules/prelude-ls
3332 silly ADD node_modules/language-subtag-registry
3333 silly ADD node_modules/json-buffer
3334 silly ADD node_modules/argparse
3335 silly ADD node_modules/set-function-name
3336 silly ADD node_modules/is-extglob
3337 silly ADD node_modules/side-channel
3338 silly ADD node_modules/resolve-from
3339 silly ADD node_modules/parent-module
3340 silly ADD node_modules/resolve-pkg-maps
3341 silly ADD node_modules/dunder-proto
3342 silly ADD node_modules/functions-have-names
3343 silly ADD node_modules/keyv
3344 silly ADD node_modules/flatted
3345 silly ADD node_modules/path-exists
3346 silly ADD node_modules/locate-path
3347 silly ADD node_modules/flat-cache
3348 silly ADD node_modules/reusify
3349 silly ADD node_modules/run-parallel
3350 silly ADD node_modules/fastq
3351 silly ADD node_modules/@nodelib/fs.scandir
3352 silly ADD node_modules/micromatch
3353 silly ADD node_modules/merge2
3354 silly ADD node_modules/@nodelib/fs.walk
3355 silly ADD node_modules/@nodelib/fs.stat
3356 silly ADD node_modules/acorn-jsx
3357 silly ADD node_modules/acorn
3358 silly ADD node_modules/esrecurse
3359 silly ADD node_modules/iterator.prototype
3360 silly ADD node_modules/string.prototype.repeat
3361 silly ADD node_modules/string.prototype.matchall
3362 silly ADD node_modules/prop-types
3363 silly ADD node_modules/object.entries
3364 silly ADD node_modules/estraverse
3365 silly ADD node_modules/es-iterator-helpers
3366 silly ADD node_modules/array.prototype.tosorted
3367 silly ADD node_modules/array.prototype.findlast
3368 silly ADD node_modules/string.prototype.includes
3369 silly ADD node_modules/language-tags
3370 silly ADD node_modules/jsx-ast-utils
3371 silly ADD node_modules/emoji-regex
3372 silly ADD node_modules/damerau-levenshtein
3373 silly ADD node_modules/axobject-query
3374 silly ADD node_modules/axe-core
3375 silly ADD node_modules/ast-types-flow
3376 silly ADD node_modules/aria-query
3377 silly ADD node_modules/is-symbol
3378 silly ADD node_modules/is-date-object
3379 silly ADD node_modules/has-tostringtag
3380 silly ADD node_modules/possible-typed-array-names
3381 silly ADD node_modules/which-typed-array
3382 silly ADD node_modules/unbox-primitive
3383 silly ADD node_modules/typed-array-length
3384 silly ADD node_modules/typed-array-byte-offset
3385 silly ADD node_modules/typed-array-byte-length
3386 silly ADD node_modules/typed-array-buffer
3387 silly ADD node_modules/string.prototype.trimstart
3388 silly ADD node_modules/string.prototype.trim
3389 silly ADD node_modules/stop-iteration-iterator
3390 silly ADD node_modules/set-proto
3391 silly ADD node_modules/safe-regex-test
3392 silly ADD node_modules/safe-push-apply
3393 silly ADD node_modules/safe-array-concat
3394 silly ADD node_modules/regexp.prototype.flags
3395 silly ADD node_modules/own-keys
3396 silly ADD node_modules/object.assign
3397 silly ADD node_modules/object-inspect
3398 silly ADD node_modules/is-weakref
3399 silly ADD node_modules/is-typed-array
3400 silly ADD node_modules/is-shared-array-buffer
3401 silly ADD node_modules/is-set
3402 silly ADD node_modules/is-regex
3403 silly ADD node_modules/is-negative-zero
3404 silly ADD node_modules/is-data-view
3405 silly ADD node_modules/is-callable
3406 silly ADD node_modules/is-array-buffer
3407 silly ADD node_modules/internal-slot
3408 silly ADD node_modules/has-symbols
3409 silly ADD node_modules/has-proto
3410 silly ADD node_modules/globalthis
3411 silly ADD node_modules/get-symbol-description
3412 silly ADD node_modules/get-proto
3413 silly ADD node_modules/function.prototype.name
3414 silly ADD node_modules/es-to-primitive
3415 silly ADD node_modules/es-set-tostringtag
3416 silly ADD node_modules/data-view-byte-offset
3417 silly ADD node_modules/data-view-byte-length
3418 silly ADD node_modules/data-view-buffer
3419 silly ADD node_modules/available-typed-arrays
3420 silly ADD node_modules/arraybuffer.prototype.slice
3421 silly ADD node_modules/array-buffer-byte-length
3422 silly ADD node_modules/gopd
3423 silly ADD node_modules/object-keys
3424 silly ADD node_modules/has-property-descriptors
3425 silly ADD node_modules/define-data-property
3426 silly ADD node_modules/function-bind
3427 silly ADD node_modules/set-function-length
3428 silly ADD node_modules/es-define-property
3429 silly ADD node_modules/call-bind-apply-helpers
3430 silly ADD node_modules/es-shim-unscopables
3431 silly ADD node_modules/es-errors
3432 silly ADD node_modules/math-intrinsics
3433 silly ADD node_modules/is-string
3434 silly ADD node_modules/get-intrinsic
3435 silly ADD node_modules/es-object-atoms
3436 silly ADD node_modules/es-abstract
3437 silly ADD node_modules/define-properties
3438 silly ADD node_modules/call-bound
3439 silly ADD node_modules/call-bind
3440 silly ADD node_modules/tsconfig-paths
3441 silly ADD node_modules/string.prototype.trimend
3442 silly ADD node_modules/object.values
3443 silly ADD node_modules/object.groupby
3444 silly ADD node_modules/object.fromentries
3445 silly ADD node_modules/hasown
3446 silly ADD node_modules/eslint-module-utils
3447 silly ADD node_modules/eslint-module-utils/node_modules/debug
3448 silly ADD node_modules/doctrine
3449 silly ADD node_modules/array.prototype.flatmap
3450 silly ADD node_modules/array.prototype.flat
3451 silly ADD node_modules/array.prototype.findlastindex
3452 silly ADD node_modules/array-includes
3453 silly ADD node_modules/@rtsao/scc
3454 silly ADD node_modules/unrs-resolver
3455 silly ADD node_modules/stable-hash
3456 silly ADD node_modules/is-bun-module
3457 silly ADD node_modules/get-tsconfig
3458 silly ADD node_modules/@nolyfill/is-core-module
3459 silly ADD node_modules/resolve
3460 silly ADD node_modules/is-core-module
3461 silly ADD node_modules/tinyglobby
3462 silly ADD node_modules/tinyglobby/node_modules/picomatch
3463 silly ADD node_modules/tinyglobby/node_modules/fdir
3464 silly ADD node_modules/semver
3465 silly ADD node_modules/@typescript-eslint/tsconfig-utils
3466 silly ADD node_modules/@typescript-eslint/project-service
3467 silly ADD node_modules/@typescript-eslint/typescript-estree
3468 silly ADD node_modules/@typescript-eslint/typescript-estree/node_modules/balanced-match
3469 silly ADD node_modules/@typescript-eslint/typescript-estree/node_modules/brace-expansion
3470 silly ADD node_modules/@typescript-eslint/typescript-estree/node_modules/minimatch
3471 silly ADD node_modules/@typescript-eslint/types
3472 silly ADD node_modules/ts-api-utils
3473 silly ADD node_modules/@typescript-eslint/visitor-keys
3474 silly ADD node_modules/@typescript-eslint/visitor-keys/node_modules/eslint-visitor-keys
3475 silly ADD node_modules/@typescript-eslint/utils
3476 silly ADD node_modules/@typescript-eslint/type-utils
3477 silly ADD node_modules/@typescript-eslint/scope-manager
3478 silly ADD node_modules/fast-glob
3479 silly ADD node_modules/fast-glob/node_modules/glob-parent
3480 silly ADD node_modules/eslint-plugin-react-hooks
3481 silly ADD node_modules/eslint-plugin-react
3482 silly ADD node_modules/eslint-plugin-react/node_modules/semver
3483 silly ADD node_modules/eslint-plugin-jsx-a11y
3484 silly ADD node_modules/eslint-plugin-import
3485 silly ADD node_modules/eslint-plugin-import/node_modules/semver
3486 silly ADD node_modules/eslint-plugin-import/node_modules/debug
3487 silly ADD node_modules/eslint-import-resolver-typescript
3488 silly ADD node_modules/eslint-import-resolver-node
3489 silly ADD node_modules/eslint-import-resolver-node/node_modules/debug
3490 silly ADD node_modules/@typescript-eslint/parser
3491 silly ADD node_modules/@typescript-eslint/eslint-plugin
3492 silly ADD node_modules/@typescript-eslint/eslint-plugin/node_modules/ignore
3493 silly ADD node_modules/@rushstack/eslint-patch
3494 silly ADD node_modules/@next/eslint-plugin-next
3495 silly ADD node_modules/which
3496 silly ADD node_modules/shebang-command
3497 silly ADD node_modules/path-key
3498 silly ADD node_modules/color-name
3499 silly ADD node_modules/color-convert
3500 silly ADD node_modules/supports-color
3501 silly ADD node_modules/ansi-styles
3502 silly ADD node_modules/@humanfs/types
3503 silly ADD node_modules/@humanfs/core
3504 silly ADD node_modules/levn
3505 silly ADD node_modules/@types/json-schema
3506 silly ADD node_modules/@eslint/object-schema
3507 silly ADD node_modules/optionator
3508 silly ADD node_modules/natural-compare
3509 silly ADD node_modules/lodash.merge
3510 silly ADD node_modules/json-stable-stringify-without-jsonify
3511 silly ADD node_modules/is-glob
3512 silly ADD node_modules/imurmurhash
3513 silly ADD node_modules/glob-parent
3514 silly ADD node_modules/find-up
3515 silly ADD node_modules/file-entry-cache
3516 silly ADD node_modules/esutils
3517 silly ADD node_modules/esquery
3518 silly ADD node_modules/eslint-visitor-keys
3519 silly ADD node_modules/eslint-scope
3520 silly ADD node_modules/escape-string-regexp
3521 silly ADD node_modules/cross-spawn
3522 silly ADD node_modules/chalk
3523 silly ADD node_modules/@types/estree
3524 silly ADD node_modules/@humanwhocodes/retry
3525 silly ADD node_modules/@humanwhocodes/module-importer
3526 silly ADD node_modules/@humanfs/node
3527 silly ADD node_modules/@eslint/plugin-kit
3528 silly ADD node_modules/@eslint/js
3529 silly ADD node_modules/@eslint/core
3530 silly ADD node_modules/@eslint/config-helpers
3531 silly ADD node_modules/@eslint/config-array
3532 silly ADD node_modules/@eslint-community/regexpp
3533 silly ADD node_modules/@eslint-community/eslint-utils
3534 silly ADD node_modules/@eslint-community/eslint-utils/node_modules/eslint-visitor-keys
3535 silly ADD node_modules/tapable
3536 silly ADD node_modules/graceful-fs
3537 silly ADD node_modules/ms
3538 silly ADD node_modules/uri-js
3539 silly ADD node_modules/json-schema-traverse
3540 silly ADD node_modules/fast-json-stable-stringify
3541 silly ADD node_modules/fast-deep-equal
3542 silly ADD node_modules/csstype
3543 silly ADD node_modules/undici-types
3544 silly ADD node_modules/@tailwindcss/oxide-win32-x64-msvc
3545 silly ADD node_modules/@jridgewell/resolve-uri
3546 silly ADD node_modules/@jridgewell/sourcemap-codec
3547 silly ADD node_modules/@jridgewell/trace-mapping
3548 silly ADD node_modules/@jridgewell/gen-mapping
3549 silly ADD node_modules/source-map-js
3550 silly ADD node_modules/magic-string
3551 silly ADD node_modules/lightningcss
3552 silly ADD node_modules/jiti
3553 silly ADD node_modules/enhanced-resolve
3554 silly ADD node_modules/@jridgewell/remapping
3555 silly ADD node_modules/postcss
3556 silly ADD node_modules/@tailwindcss/oxide
3557 silly ADD node_modules/@tailwindcss/node
3558 silly ADD node_modules/@alloc/quick-lru
3559 silly ADD node_modules/strip-json-comments
3560 silly ADD node_modules/minimatch
3561 silly ADD node_modules/js-yaml
3562 silly ADD node_modules/import-fresh
3563 silly ADD node_modules/ignore
3564 silly ADD node_modules/globals
3565 silly ADD node_modules/espree
3566 silly ADD node_modules/debug
3567 silly ADD node_modules/ajv
3568 silly ADD node_modules/typescript
3569 silly ADD node_modules/tailwindcss
3570 silly ADD node_modules/react-dom
3571 silly ADD node_modules/react
3572 silly ADD node_modules/next
3573 silly ADD node_modules/next/node_modules/postcss
3574 silly ADD node_modules/eslint-config-next
3575 silly ADD node_modules/eslint
3576 silly ADD node_modules/@types/react-dom
3577 silly ADD node_modules/@types/react
3578 silly ADD node_modules/@types/node
3579 silly ADD node_modules/@tailwindcss/postcss
3580 silly ADD node_modules/@eslint/eslintrc
3581 verbose cwd C:\Users\pavan\Documents\New project\traveloop
3582 verbose os Windows_NT 10.0.26200
3583 verbose node v26.1.0
3584 verbose npm  v11.13.0
3585 verbose exit 0
3586 info ok
